Fractal MAIS Depth [-];Application Number in Fractal MAIS [-];Maximum Number of Instances Deployed by Application [-];Time [us]
1;46;6;3.40528
1;46;16;3.51592
1;46;76;2.0208
1;46;86;3.5034
1;46;91;4.0116
1;46;1;3.40948
1;46;11;3.39428
1;46;61;1.8456
1;46;66;3.18988
1;46;71;3.72732
1;46;101;2.47076
1;46;26;3.46244
1;46;41;3.31124
1;46;51;4.45816
1;46;81;2.5496
1;46;21;3.2196
1;46;31;3.886
1;46;36;4.03724
1;46;46;4.08888
1;46;56;3.5794
1;46;96;3.641
1;71;11;4.1806
1;71;16;4.1224
1;71;86;4.6254
1;71;51;3.74068
1;71;61;3.33028
1;71;91;3.98416
1;71;6;2.95776
1;71;26;3.29196
1;71;41;4.23004
1;71;46;4.2694
1;71;31;3.8512
1;71;36;3.85276
1;71;71;4.16456
1;71;101;4.08604
1;71;76;4.62824
1;71;81;4.90476
1;71;96;4.39564
1;71;1;3.83312
1;71;21;4.69908
1;71;56;3.7314
1;71;66;4.17304
1;86;71;4.18932
1;86;101;4.84144
1;86;26;5.058
1;86;41;5.4964
1;86;46;5.52836
1;86;51;4.96052
1;86;16;4.96904
1;86;21;4.708
1;86;31;5.00944
1;86;36;5.20712
1;86;91;5.12944
1;86;56;4.39416
1;86;61;4.83416
1;86;81;5.09296
1;86;86;4.70292
1;86;76;3.30252
1;86;96;4.84416
1;86;1;5.47072
1;86;6;5.56568
1;86;11;5.11988
1;86;66;3.54416
1;91;61;5.47612
1;91;66;5.38056
1;91;86;4.91492
1;91;6;4.98512
1;91;36;4.29936
1;91;56;5.18376
1;91;81;4.87888
1;91;91;4.00712
1;91;1;5.00592
1;91;11;4.85588
1;91;16;5.45748
1;91;76;4.35364
1;91;26;5.263
1;91;46;4.21792
1;91;51;4.79936
1;91;71;5.04992
1;91;96;4.7348
1;91;101;4.80084
1;91;21;4.63076
1;91;31;4.93612
1;91;41;4.66804
1;6;1;1.33448
1;6;6;1.19216
1;6;11;1.25304
1;6;41;1.26584
1;6;46;1.38968
1;6;81;1.72484
1;6;86;1.40856
1;6;101;1.15792
1;6;21;1.877
1;6;31;1.266
1;6;76;1.19184
1;6;26;1.22716
1;6;36;2.16032
1;6;56;1.39016
1;6;61;1.28956
1;6;96;1.13992
1;6;16;1.23836
1;6;51;1.45216
1;6;66;2.14796
1;6;71;1.4648
1;6;91;1.27176
1;41;16;3.64204
1;41;31;3.16992
1;41;66;3.66208
1;41;76;2.69824
1;41;81;2.14504
1;41;91;3.11704
1;41;101;3.21468
1;41;56;2.8494
1;41;61;2.23448
1;41;1;1.44384
1;41;11;3.7386
1;41;21;3.4314
1;41;26;3.0388
1;41;36;3.62104
1;41;46;3.63952
1;41;71;2.96848
1;41;6;3.3478
1;41;41;1.86328
1;41;51;2.96824
1;41;86;3.07068
1;41;96;3.71344
1;76;11;5.73132
1;76;46;5.2642
1;76;61;4.85008
1;76;66;5.34752
1;76;71;5.64868
1;76;96;5.70648
1;76;36;5.06392
1;76;41;4.63292
1;76;51;5.45668
1;76;86;4.36784
1;76;91;5.41728
1;76;16;5.19608
1;76;101;5.17168
1;76;56;5.35908
1;76;76;5.08068
1;76;81;5.14884
1;76;1;4.63892
1;76;6;5.19384
1;76;21;5.47648
1;76;26;5.73256
1;76;31;5.50164
1;101;31;4.60092
1;101;41;4.88756
1;101;66;5.427
1;101;86;5.34648
1;101;96;4.93936
1;101;101;4.748
1;101;26;4.82376
1;101;36;5.18508
1;101;46;4.86824
1;101;81;4.64016
1;101;91;4.57936
1;101;16;4.98068
1;101;11;4.80796
1;101;51;5.53168
1;101;76;4.75704
1;101;1;5.00732
1;101;21;4.45484
1;101;56;4.75512
1;101;61;4.84176
1;101;71;4.99636
1;101;6;5.072
1;21;51;1.29644
1;21;66;2.95164
1;21;81;1.7368
1;21;96;1.88252
1;21;1;2.15276
1;21;6;1.60468
1;21;16;1.29092
1;21;26;1.51656
1;21;91;1.33112
1;21;11;2.1882
1;21;56;1.9458
1;21;61;2.87092
1;21;76;2.19748
1;21;21;1.33664
1;21;36;1.35324
1;21;41;1.34752
1;21;71;2.6728
1;21;31;1.39164
1;21;46;1.92728
1;21;86;1.45092
1;21;101;2.02872
1;56;51;5.04592
1;56;56;3.08116
1;56;6;4.32556
1;56;11;4.5068
1;56;26;3.99064
1;56;31;5.00736
1;56;41;3.91488
1;56;61;4.11364
1;56;66;4.49816
1;56;76;4.95424
1;56;96;4.62908
1;56;101;5.07604
1;56;1;3.89404
1;56;16;4.86436
1;56;21;4.348
1;56;81;4.52652
1;56;86;4.6426
1;56;36;4.60976
1;56;46;4.59492
1;56;71;4.72168
1;56;91;5.20824
1;96;66;5.35024
1;96;1;4.8408
1;96;6;4.8106
1;96;16;5.51752
1;96;21;3.3044
1;96;41;4.73
1;96;51;5.3004
1;96;61;5.2516
1;96;26;3.5326
1;96;46;5.16188
1;96;71;5.31308
1;96;31;5.11608
1;96;36;3.46584
1;96;76;4.53416
1;96;81;5.17104
1;96;91;4.96444
1;96;11;4.7806
1;96;56;5.14548
1;96;86;5.07344
1;96;96;5.00608
1;96;101;5.29348
1;26;36;3.38252
1;26;71;3.2524
1;26;91;2.81424
1;26;101;2.13176
1;26;6;1.974
1;26;16;2.30776
1;26;21;1.60604
1;26;56;3.40504
1;26;66;3.17168
1;26;76;2.47264
1;26;86;1.54248
1;26;26;3.23344
1;26;31;1.97832
1;26;51;3.392
1;26;1;1.6858
1;26;46;3.11596
1;26;96;2.87024
1;26;81;1.33292
1;26;11;2.86272
1;26;41;2.92428
1;26;61;2.56852
1;51;31;2.99216
1;51;56;3.88004
1;51;66;3.6648
1;51;86;2.04452
1;51;51;3.91212
1;51;1;3.84436
1;51;11;3.3328
1;51;16;3.03028
1;51;41;3.66732
1;51;71;3.25924
1;51;76;3.32748
1;51;81;2.40432
1;51;101;3.84656
1;51;21;3.4704
1;51;26;3.65892
1;51;36;3.56616
1;51;46;2.40868
1;51;6;3.16868
1;51;61;3.6162
1;51;91;2.9062
1;51;96;3.80016
1;16;31;2.58696
1;16;51;2.30968
1;16;56;2.09472
1;16;66;2.87032
1;16;71;2.53932
1;16;81;1.88128
1;16;6;2.3606
1;16;16;1.369
1;16;41;1.40188
1;16;61;2.16784
1;16;91;1.68628
1;16;1;1.67588
1;16;36;2.28216
1;16;11;1.94052
1;16;46;1.45948
1;16;76;2.27756
1;16;86;1.41428
1;16;96;2.3604
1;16;101;2.99088
1;16;21;2.28888
1;16;26;2.61976
1;31;26;3.22712
1;31;71;3.3416
1;31;91;1.41804
1;31;56;3.27444
1;31;61;3.48172
1;31;66;2.53988
1;31;96;2.00684
1;31;11;2.49748
1;31;31;2.385
1;31;51;3.23588
1;31;86;1.82112
1;31;101;2.20072
1;31;1;2.50304
1;31;46;2.98692
1;31;81;1.42864
1;31;36;1.47244
1;31;41;2.14832
1;31;76;3.076
1;31;6;2.98208
1;31;16;2.817
1;31;21;2.04668
1;36;21;2.59536
1;36;66;2.2708
1;36;71;3.40588
1;36;91;1.54208
1;36;1;2.27412
1;36;41;1.96212
1;36;46;2.39568
1;36;56;2.46544
1;36;76;2.15788
1;36;86;2.67668
1;36;6;2.00796
1;36;36;2.5712
1;36;51;3.10432
1;36;61;2.07408
1;36;81;1.53484
1;36;101;1.48208
1;36;11;2.49652
1;36;16;1.7814
1;36;26;3.2154
1;36;31;3.81772
1;36;96;1.9518
1;61;31;4.4984
1;61;51;4.2104
1;61;61;5.0214
1;61;76;4.90468
1;61;101;4.58328
1;61;6;4.09932
1;61;11;4.2484
1;61;16;5.08964
1;61;71;5.17364
1;61;96;4.90784
1;61;1;4.83524
1;61;26;4.04976
1;61;41;4.41856
1;61;81;4.70244
1;61;86;5.06288
1;61;91;4.34512
1;61;21;2.7872
1;61;36;4.41784
1;61;46;4.39088
1;61;56;3.42152
1;61;66;4.57412
1;66;81;4.44748
1;66;86;4.35592
1;66;11;4.09136
1;66;31;4.67748
1;66;36;3.8208
1;66;56;3.24716
1;66;66;4.94564
1;66;101;4.65676
1;66;16;4.73336
1;66;26;4.39308
1;66;51;4.32808
1;66;91;4.7002
1;66;96;4.2114
1;66;61;3.74372
1;66;71;4.0756
1;66;76;4.63288
1;66;1;2.07112
1;66;6;4.46124
1;66;21;4.54016
1;66;41;3.73916
1;66;46;4.68292
1;81;36;5.49132
1;81;46;5.54668
1;81;51;5.35268
1;81;56;5.26764
1;81;86;5.17664
1;81;91;5.67168
1;81;21;5.70016
1;81;16;5.20764
1;81;31;5.513
1;81;96;5.47032
1;81;11;5.47048
1;81;26;5.23812
1;81;61;5.41628
1;81;71;5.51024
1;81;76;5.44076
1;81;81;4.85228
1;81;6;5.60808
1;81;41;5.20176
1;81;66;5.21576
1;81;101;5.10056
1;81;1;4.98164
1;1;21;1.21956
1;1;36;1.12664
1;1;51;1.16248
1;1;76;1.55052
1;1;91;1.15572
1;1;1;1.27276
1;1;6;1.19972
1;1;11;1.13924
1;1;16;1.1946
1;1;56;1.141
1;1;61;1.10628
1;1;101;1.13908
1;1;26;1.15692
1;1;46;1.17212
1;1;66;1.11912
1;1;71;1.12816
1;1;96;1.46124
1;1;31;1.143
1;1;41;1.1126
1;1;81;1.3076
1;1;86;1.12256
1;11;101;1.87784
1;11;1;1.88572
1;11;21;2.0354
1;11;96;2.4726
1;11;26;2.14596
1;11;51;1.96016
1;11;61;1.61152
1;11;66;2.0638
1;11;76;2.88812
1;11;91;2.46776
1;11;6;1.677
1;11;16;1.98732
1;11;31;1.65396
1;11;46;1.62184
1;11;56;1.30188
1;11;71;1.91184
1;11;81;2.22796
1;11;86;1.69256
1;11;11;1.53904
1;11;36;1.80816
1;11;41;1.4208
2;71;86;112.5026
2;71;1;57.01804
2;71;6;57.0046
2;71;16;69.95536
2;71;41;84.91684
2;71;81;112.99052
2;71;46;85.48536
2;71;61;101.7318
2;71;66;91.396
2;71;71;100.9448
2;71;101;127.35992
2;71;31;75.54092
2;71;51;90.23616
2;71;56;102.15416
2;71;76;115.71112
2;71;91;124.31528
2;71;11;64.05844
2;71;21;73.77264
2;71;26;56.74736
2;71;36;81.17132
2;71;96;127.89288
2;76;11;65.80256
2;76;31;78.11796
2;76;46;89.02256
2;76;56;94.52268
2;76;1;63.01496
2;76;26;78.08136
2;76;91;125.56156
2;76;96;125.75788
2;76;61;103.558
2;76;66;108.12052
2;76;86;114.41228
2;76;6;63.60416
2;76;16;68.7554
2;76;36;83.05156
2;76;41;89.7354
2;76;51;84.03584
2;76;101;134.71524
2;76;21;71.43964
2;76;71;110.48732
2;76;76;112.63412
2;76;81;111.82188
2;101;41;105.41932
2;101;56;118.02184
2;101;71;129.18684
2;101;81;130.74204
2;101;1;70.12088
2;101;6;73.36784
2;101;36;102.65272
2;101;51;115.10376
2;101;96;145.04572
2;101;101;143.55676
2;101;11;78.57504
2;101;26;93.67096
2;101;46;98.33492
2;101;61;113.59608
2;101;66;117.95912
2;101;91;141.97068
2;101;76;130.11492
2;101;86;134.88044
2;101;16;87.03524
2;101;21;84.541
2;101;31;95.90836
2;16;16;22.73436
2;16;56;53.72484
2;16;71;59.92612
2;16;76;73.06248
2;16;81;62.23156
2;16;86;63.08104
2;16;101;80.01284
2;16;6;14.78044
2;16;11;16.71808
2;16;31;34.46176
2;16;46;47.5882
2;16;51;44.67192
2;16;61;32.49956
2;16;66;62.51808
2;16;91;86.02708
2;16;96;79.90992
2;16;1;16.75972
2;16;21;30.71724
2;16;26;35.02704
2;16;36;34.90372
2;16;41;32.34536
2;46;86;95.83936
2;46;96;94.45524
2;46;6;36.13468
2;46;41;58.7306
2;46;46;69.85008
2;46;71;80.88824
2;46;81;85.37836
2;46;51;66.57712
2;46;91;94.68936
2;46;101;103.60536
2;46;11;40.80208
2;46;31;47.7546
2;46;61;73.94204
2;46;56;71.19064
2;46;66;80.89172
2;46;76;87.66292
2;46;1;37.42252
2;46;16;48.96488
2;46;21;49.51036
2;46;26;51.24404
2;46;36;61.14696
2;61;51;89.38628
2;61;66;100.45004
2;61;71;97.4352
2;61;86;113.98252
2;61;21;64.12776
2;61;41;78.30748
2;61;46;56.97616
2;61;31;76.68168
2;61;61;99.61912
2;61;101;125.58388
2;61;76;104.80768
2;61;96;114.03924
2;61;1;51.79188
2;61;6;54.51236
2;61;16;66.04972
2;61;56;94.22232
2;61;81;105.52944
2;61;91;109.97176
2;61;11;61.37568
2;61;26;72.30376
2;61;36;73.22808
2;81;26;80.2786
2;81;81;120.9184
2;81;91;130.06704
2;81;96;133.47268
2;81;1;64.09068
2;81;56;100.73588
2;81;66;102.00072
2;81;101;129.85296
2;81;61;103.0936
2;81;71;108.4412
2;81;76;115.91468
2;81;86;122.10228
2;81;11;64.97204
2;81;31;83.36544
2;81;36;85.41904
2;81;51;98.6478
2;81;46;90.725
2;81;6;67.51772
2;81;16;75.8418
2;81;21;72.76068
2;81;41;92.43276
2;91;31;90.00856
2;91;41;93.28956
2;91;71;100.05056
2;91;91;133.87212
2;91;96;135.40988
2;91;11;76.96908
2;91;21;80.81592
2;91;26;84.77384
2;91;86;130.65928
2;91;6;71.59888
2;91;36;93.24312
2;91;46;101.85844
2;91;51;101.83628
2;91;56;111.18852
2;91;76;121.23332
2;91;81;123.23552
2;91;101;140.43752
2;91;16;79.44884
2;91;61;113.09956
2;91;66;115.19344
2;91;1;61.59076
2;6;36;19.35644
2;6;11;7.7398
2;6;16;9.14316
2;6;31;13.54776
2;6;41;25.36236
2;6;51;41.04868
2;6;61;53.98316
2;6;91;68.67588
2;6;96;80.60156
2;6;6;6.10908
2;6;56;48.09192
2;6;71;53.73948
2;6;76;57.34524
2;6;81;58.45724
2;6;46;35.17824
2;6;21;10.65664
2;6;26;11.8894
2;6;66;59.7386
2;6;86;47.89744
2;6;101;66.4138
2;6;1;4.47476
2;31;1;25.82472
2;31;36;49.3266
2;31;46;25.7442
2;31;76;78.96296
2;31;16;37.59804
2;31;31;45.8666
2;31;66;73.44652
2;31;86;83.23468
2;31;96;95.07256
2;31;6;27.25568
2;31;26;45.76136
2;31;56;63.04776
2;31;61;70.35272
2;31;71;74.01848
2;31;81;83.0626
2;31;91;87.5054
2;31;101;94.11724
2;31;11;33.83324
2;31;21;41.2828
2;31;41;58.58612
2;31;51;50.67584
2;41;26;53.27576
2;41;56;71.124
2;41;61;73.56456
2;41;66;78.54912
2;41;91;87.05592
2;41;36;63.14164
2;41;46;59.98872
2;41;51;62.0774
2;41;71;78.12228
2;41;11;43.28584
2;41;16;41.72828
2;41;21;44.48404
2;41;31;57.95512
2;41;86;87.91192
2;41;96;101.7844
2;41;101;107.41464
2;41;81;88.06596
2;41;1;33.78504
2;41;6;38.87252
2;41;41;54.4052
2;41;76;71.94084
2;36;81;88.33328
2;36;96;94.66892
2;36;61;71.54976
2;36;66;63.53004
2;36;76;82.08448
2;36;21;45.44664
2;36;41;59.859
2;36;91;94.80668
2;36;36;50.483
2;36;46;61.8566
2;36;51;64.3142
2;36;56;68.9502
2;36;71;81.94172
2;36;1;26.78948
2;36;11;35.3518
2;36;16;43.21048
2;36;101;100.69208
2;36;86;89.86928
2;36;6;31.60808
2;36;26;52.16992
2;36;31;51.74824
2;56;91;111.4514
2;56;101;121.41424
2;56;16;58.9618
2;56;61;91.2302
2;56;41;81.68672
2;56;46;82.67388
2;56;56;86.84748
2;56;76;101.36256
2;56;1;45.95156
2;56;21;67.38068
2;56;66;94.85172
2;56;86;101.71856
2;56;11;44.57472
2;56;26;67.67792
2;56;36;69.69388
2;56;51;83.97608
2;56;71;97.4866
2;56;81;108.80076
2;56;96;115.86132
2;56;6;53.7568
2;56;31;70.86304
2;66;1;54.78312
2;66;101;126.21208
2;66;6;57.53284
2;66;26;61.20852
2;66;46;86.55168
2;66;76;109.0572
2;66;81;107.18792
2;66;96;120.85384
2;66;21;66.55312
2;66;31;73.25608
2;66;41;84.08348
2;66;51;88.85612
2;66;56;86.85464
2;66;66;99.57808
2;66;71;101.94656
2;66;91;117.24036
2;66;11;59.09632
2;66;16;61.23128
2;66;36;77.39404
2;66;61;99.685
2;66;86;118.17684
2;96;26;90.40364
2;96;36;96.56584
2;96;81;129.45608
2;96;91;135.62648
2;96;101;138.44916
2;96;16;83.82476
2;96;11;72.13912
2;96;56;111.7604
2;96;66;110.30344
2;96;1;71.2754
2;96;21;84.21832
2;96;31;94.86
2;96;51;104.73928
2;96;61;110.56152
2;96;76;123.54448
2;96;96;139.87132
2;96;6;74.18636
2;96;46;100.30816
2;96;71;116.02016
2;96;86;133.43556
2;96;41;91.21512
2;11;61;52.05624
2;11;66;46.78412
2;11;81;68.6282
2;11;31;29.78816
2;11;41;31.86
2;11;46;38.02332
2;11;91;74.16836
2;11;101;82.88608
2;11;1;11.00388
2;11;6;10.7254
2;11;56;46.65616
2;11;76;54.7704
2;11;86;71.57004
2;11;96;79.0124
2;11;16;17.05056
2;11;26;20.22432
2;11;36;35.05208
2;11;51;49.13648
2;11;71;64.46972
2;11;11;11.386
2;11;21;22.01144
2;21;6;15.94772
2;21;61;63.11184
2;21;66;66.81304
2;21;81;72.0036
2;21;86;82.8332
2;21;101;85.80968
2;21;1;10.46512
2;21;16;22.4216
2;21;21;25.97344
2;21;36;40.3374
2;21;56;59.08896
2;21;91;71.24688
2;21;96;87.82464
2;21;11;21.735
2;21;26;29.45896
2;21;31;32.65444
2;21;41;41.27836
2;21;46;40.9714
2;21;51;58.10124
2;21;71;68.67884
2;21;76;72.11432
2;26;76;75.00116
2;26;81;75.04436
2;26;101;93.38176
2;26;21;24.52972
2;26;26;33.84424
2;26;51;61.0784
2;26;31;43.78948
2;26;36;53.20324
2;26;61;65.41236
2;26;71;71.88424
2;26;6;21.5182
2;26;11;29.00444
2;26;16;31.34516
2;26;66;65.8652
2;26;86;79.8174
2;26;91;79.82128
2;26;1;23.6806
2;26;41;52.69452
2;26;56;63.77756
2;26;46;54.56056
2;26;96;87.1904
2;1;16;9.7592
2;1;36;16.98708
2;1;46;29.41696
2;1;96;59.64664
2;1;101;56.99976
2;1;1;4.16432
2;1;26;16.46152
2;1;56;18.47112
2;1;76;43.94912
2;1;11;9.28888
2;1;41;15.03308
2;1;51;32.27752
2;1;61;27.3258
2;1;66;36.427
2;1;71;37.46644
2;1;81;52.57576
2;1;91;57.3494
2;1;6;5.17732
2;1;31;15.09124
2;1;86;53.41644
2;1;21;10.8922
2;51;41;67.99576
2;51;56;71.60636
2;51;66;77.96752
2;51;71;85.16948
2;51;76;89.18292
2;51;81;87.39004
2;51;26;57.41916
2;51;31;50.29432
2;51;51;71.3738
2;51;21;56.79068
2;51;46;72.89352
2;51;101;104.21848
2;51;6;35.8528
2;51;16;44.29464
2;51;36;57.76604
2;51;61;77.51412
2;51;86;94.8482
2;51;91;94.17572
2;51;96;104.98576
2;51;1;37.17472
2;51;11;46.62584
2;86;71;99.06448
2;86;81;123.94028
2;86;86;121.69208
2;86;1;59.09988
2;86;31;86.09632
2;86;46;95.40176
2;86;61;108.88488
2;86;11;68.82812
2;86;26;85.68296
2;86;36;88.82352
2;86;16;80.20296
2;86;51;100.55948
2;86;56;99.55672
2;86;66;109.68784
2;86;76;120.01984
2;86;91;128.32632
2;86;6;65.73332
2;86;21;75.88636
2;86;41;95.42652
2;86;96;132.72104
2;86;101;136.1008
3;51;46;945.35592
3;51;61;1393.96268
3;51;76;1938.27904
3;51;101;3103.00416
3;51;6;93.39352
3;51;41;772.10484
3;51;26;429.61364
3;51;31;541.43272
3;51;86;2417.8756
3;51;11;164.66436
3;51;21;332.56364
3;51;96;2873.59604
3;51;56;1225.28492
3;51;66;1570.46732
3;51;36;654.752
3;51;51;1082.47504
3;51;71;1789.77584
3;51;81;2174.68628
3;51;91;2639.98704
3;51;1;53.4498
3;51;16;238.30608
3;56;26;491.40172
3;56;41;882.89456
3;56;46;1023.24788
3;56;96;3099.58064
3;56;6;122.58092
3;56;11;200.69164
3;56;66;1739.92052
3;56;76;2125.66632
3;56;16;288.28472
3;56;31;603.00536
3;56;56;1348.10828
3;56;61;1512.3642
3;56;1;65.98208
3;56;21;387.67856
3;56;36;729.60392
3;56;51;1182.84896
3;56;71;1908.47804
3;56;81;2363.27728
3;56;86;2597.259
3;56;91;2859.71872
3;56;101;3332.12224
3;61;21;395.0674
3;61;46;1045.136
3;61;61;1559.85476
3;61;71;1942.56856
3;61;76;2147.80316
3;61;81;2409.2588
3;61;91;2888.5784
3;61;101;3447.9562
3;61;11;203.4002
3;61;16;287.0712
3;61;31;631.95844
3;61;66;1740.82772
3;61;41;906.56972
3;61;51;1194.33596
3;61;56;1391.34116
3;61;86;2667.88884
3;61;1;72.2364
3;61;6;126.95792
3;61;26;505.8884
3;61;36;754.4434
3;61;96;3182.48628
3;66;6;132.89548
3;66;31;644.9886
3;66;36;779.06448
3;66;51;1234.78536
3;66;71;1994.42464
3;66;76;2239.01252
3;66;81;2446.23056
3;66;1;78.65716
3;66;86;2677.87732
3;66;26;501.9172
3;66;61;1619.3068
3;66;66;1797.02064
3;66;91;2950.5132
3;66;101;3552.69112
3;66;16;310.19996
3;66;21;417.005
3;66;41;942.21124
3;66;46;1076.22304
3;66;56;1419.89776
3;66;96;3189.81616
3;66;11;218.93088
3;81;81;2651.40328
3;81;101;3724.60232
3;81;1;91.97404
3;81;16;334.46208
3;81;46;1163.94288
3;81;51;1322.24496
3;81;11;256.98016
3;81;96;3461.8288
3;81;61;1759.92656
3;81;66;1949.60256
3;81;71;2191.0808
3;81;91;3204.78932
3;81;21;454.97556
3;81;26;604.4312
3;81;31;722.82052
3;81;56;1542.91884
3;81;86;2840.04676
3;81;6;153.1174
3;81;36;877.05588
3;81;41;1025.65204
3;81;76;2376.0332
3;16;6;33.57384
3;16;16;117.1764
3;16;26;260.325
3;16;31;341.66456
3;16;86;1895.6916
3;16;91;2113.73672
3;16;96;2349.3924
3;16;101;2530.50108
3;16;1;18.89264
3;16;21;199.5578
3;16;41;539.57168
3;16;66;1192.2966
3;16;36;427.32168
3;16;46;657.23764
3;16;51;769.40016
3;16;56;912.35024
3;16;81;1688.34772
3;16;11;91.90868
3;16;61;1029.78864
3;16;71;1332.06484
3;16;76;1476.90704
3;41;1;49.54448
3;41;56;1133.0232
3;41;81;2043.40512
3;41;6;81.13708
3;41;31;460.20408
3;41;76;1845.43452
3;41;16;215.43936
3;41;26;381.52448
3;41;36;579.8236
3;41;46;848.08672
3;41;51;972.78744
3;41;66;1456.50952
3;41;71;1649.95616
3;41;86;2227.8302
3;41;91;2547.73772
3;41;11;138.27784
3;41;21;273.20804
3;41;41;703.056
3;41;61;1294.19996
3;41;96;2806.80384
3;41;101;3019.63524
3;71;16;318.90536
3;71;21;429.8888
3;71;36;810.28676
3;71;56;1431.13436
3;71;91;3037.90812
3;71;11;224.7144
3;71;31;673.54044
3;71;61;1633.42144
3;71;76;2250.85212
3;71;96;3263.78628
3;71;6;139.6352
3;71;41;955.1438
3;71;66;1840.71848
3;71;81;2523.8294
3;71;101;3574.73612
3;71;86;2776.70108
3;71;1;76.4614
3;71;26;551.3954
3;71;46;1108.00848
3;71;51;1278.64884
3;71;71;2061.58288
3;76;91;3111.9126
3;76;1;84.72012
3;76;16;340.63124
3;76;36;821.44252
3;76;46;1139.0308
3;76;61;1683.57312
3;76;66;1880.44756
3;76;71;2124.29336
3;76;11;243.7794
3;76;31;690.9444
3;76;51;1319.39124
3;76;56;1466.18204
3;76;86;2838.60796
3;76;96;3339.50428
3;76;6;150.8708
3;76;21;458.52868
3;76;26;575.84268
3;76;41;1003.71628
3;76;76;2305.40988
3;76;81;2605.88176
3;76;101;3632.95908
3;101;6;186.27788
3;101;16;400.08528
3;101;56;1736.07688
3;101;76;2645.2092
3;101;86;3106.26332
3;101;11;291.25808
3;101;41;1150.45944
3;101;61;1949.58124
3;101;71;2380.1506
3;101;96;3754.50252
3;101;101;4082.83432
3;101;31;815.01176
3;101;46;1352.57584
3;101;51;1548.18964
3;101;81;2929.13628
3;101;66;2154.28888
3;101;91;3469.33576
3;101;1;106.53936
3;101;21;542.10544
3;101;26;672.56996
3;101;36;969.35036
3;26;76;1703.39368
3;26;96;2468.09624
3;26;41;612.25236
3;26;46;735.75
3;26;51;876.74108
3;26;61;1163.84968
3;26;101;2729.56904
3;26;1;31.89532
3;26;21;244.47684
3;26;36;504.09112
3;26;56;1016.52464
3;26;86;2056.29968
3;26;11;100.86008
3;26;16;156.18488
3;26;26;313.33812
3;26;31;408.15644
3;26;91;2305.9158
3;26;6;63.05832
3;26;66;1325.5216
3;26;71;1476.41432
3;26;81;1885.02828
3;46;101;3052.44596
3;46;1;53.40712
3;46;16;236.73644
3;46;21;315.55212
3;46;26;403.87532
3;46;36;632.81332
3;46;41;755.70356
3;46;91;2588.25592
3;46;6;84.52768
3;46;66;1520.17324
3;46;86;2359.54648
3;46;96;2827.1636
3;46;31;512.38128
3;46;46;878.34652
3;46;51;1034.50644
3;46;56;1192.78912
3;46;61;1349.90192
3;46;71;1719.44184
3;46;11;156.26316
3;46;76;1929.49312
3;46;81;2119.51864
3;31;1;36.58364
3;31;6;64.32892
3;31;76;1707.40832
3;31;96;2550.5394
3;31;51;882.63076
3;31;66;1378.33528
3;31;56;1045.13728
3;31;71;1543.0036
3;31;81;1946.80672
3;31;11;111.92192
3;31;16;185.19772
3;31;31;425.4954
3;31;46;773.55672
3;31;61;1215.73576
3;31;86;2112.2978
3;31;91;2399.2502
3;31;101;2840.73096
3;31;21;255.01632
3;31;26;326.74608
3;31;36;524.48736
3;31;41;665.5514
3;36;16;202.7846
3;36;31;455.19748
3;36;36;580.0894
3;36;51;936.54524
3;36;61;1231.47516
3;36;76;1792.67352
3;36;86;2186.85884
3;36;91;2396.51944
3;36;21;264.76716
3;36;41;687.04904
3;36;96;2633.72532
3;36;1;46.10596
3;36;6;80.33768
3;36;26;373.01528
3;36;46;820.7672
3;36;56;1086.96604
3;36;71;1572.03992
3;36;11;126.23956
3;36;66;1391.39036
3;36;81;1971.7032
3;36;101;2882.53336
3;91;96;3547.21792
3;91;101;3816.42372
3;91;1;100.22796
3;91;26;638.9326
3;91;41;1104.69972
3;91;46;1245.14672
3;91;71;2243.49052
3;91;91;3270.57664
3;91;16;384.03052
3;91;21;508.85452
3;91;31;782.12224
3;91;36;906.60024
3;91;81;2750.83084
3;91;86;3015.19036
3;91;6;168.87692
3;91;51;1434.06644
3;91;56;1620.72092
3;91;61;1838.96248
3;91;66;2018.2146
3;91;11;264.17108
3;91;76;2505.00244
3;1;76;1255.23948
3;1;6;9.25904
3;1;31;217.75816
3;1;36;294.63504
3;1;41;397.02356
3;1;46;481.46332
3;1;51;607.41464
3;1;26;171.01832
3;1;66;955.77008
3;1;81;1433.31256
3;1;91;1767.55656
3;1;1;6.19712
3;1;11;17.55844
3;1;21;107.16136
3;1;86;1602.4788
3;1;16;29.95632
3;1;56;714.89464
3;1;61;818.6552
3;1;71;1113.21872
3;1;96;1996.59916
3;1;101;2179.95004
3;21;36;466.37192
3;21;51;800.33352
3;21;56;919.76044
3;21;1;22.22116
3;21;6;54.66048
3;21;11;96.78096
3;21;21;203.93724
3;21;26;275.44072
3;21;71;1408.40356
3;21;101;2610.17284
3;21;16;144.69924
3;21;66;1217.23224
3;21;96;2373.93148
3;21;46;693.49992
3;21;76;1574.42628
3;21;91;2193.20828
3;21;31;360.41032
3;21;41;563.7016
3;21;61;1085.77492
3;21;81;1748.6476
3;21;86;1974.40672
3;86;6;160.67508
3;86;46;1218.97216
3;86;81;2659.79784
3;86;1;95.571
3;86;61;1776.24264
3;86;96;3499.9316
3;86;31;756.1712
3;86;51;1389.47708
3;86;56;1588.7152
3;86;71;2197.47324
3;86;76;2469.8048
3;86;41;1049.65924
3;86;16;371.41652
3;86;21;486.08784
3;86;26;601.65632
3;86;36;899.04768
3;86;66;1961.7684
3;86;86;2957.56436
3;86;91;3194.48708
3;86;11;255.5884
3;86;101;3780.86968
3;96;91;3339.43928
3;96;101;3850.9012
3;96;36;960.75724
3;96;46;1285.41492
3;96;61;1890.33984
3;96;31;810.61516
3;96;96;3591.94444
3;96;26;650.67284
3;96;71;2315.4214
3;96;81;2810.02584
3;96;86;3066.89936
3;96;1;100.6478
3;96;6;182.3082
3;96;16;383.80104
3;96;51;1471.45576
3;96;56;1695.36108
3;96;66;2083.9626
3;96;76;2568.14772
3;96;11;286.72088
3;96;21;513.80772
3;96;41;1109.4746
3;6;21;137.3938
3;6;26;200.97128
3;6;61;913.9554
3;6;81;1541.14916
3;6;86;1758.58564
3;6;6;17.28224
3;6;16;83.47752
3;6;66;1065.92848
3;6;1;10.12848
3;6;11;34.88876
3;6;31;267.91292
3;6;36;356.5722
3;6;46;553.53948
3;6;56;808.3466
3;6;101;2383.80768
3;6;41;447.20132
3;6;51;674.17884
3;6;71;1195.08436
3;6;76;1378.96168
3;6;91;1930.39236
3;6;96;2137.886
3;11;81;1638.80336
3;11;26;232.10216
3;11;41;490.64068
3;11;56;860.85088
3;11;66;1119.0532
3;11;71;1274.05388
3;11;76;1434.38524
3;11;46;588.83512
3;11;61;986.05852
3;11;16;98.89908
3;11;31;315.55652
3;11;86;1817.5382
3;11;91;2021.93228
3;11;96;2210.24772
3;11;101;2446.05944
3;11;1;14.00432
3;11;6;26.08616
3;11;11;62.51008
3;11;21;163.40392
3;11;36;401.9364
3;11;51;720.69312
4;36;66;29707.73868
4;36;101;68825.46008
4;36;16;1369.20484
4;36;26;4436.09116
4;36;36;10379.2744
4;36;31;7106.84916
4;36;51;20708.24996
4;36;61;26374.3036
4;36;76;37777.07492
4;36;81;43086.89296
4;36;1;46.06544
4;36;6;189.95196
4;36;21;2604.95548
4;36;91;55241.29192
4;36;96;63650.45428
4;36;71;33272.72844
4;36;86;48254.46644
4;36;41;14138.92152
4;36;46;17306.21104
4;36;56;23458.14284
4;36;11;606.52208
4;26;6;147.60544
4;26;81;40582.04328
4;26;101;67024.357
4;26;96;59101.81012
4;26;26;4039.20632
4;26;41;12983.91656
4;26;46;16583.01152
4;26;51;19650.72712
4;26;66;27767.80136
4;26;86;45917.51576
4;26;11;503.80564
4;26;16;1200.49068
4;26;36;9516.49472
4;26;56;22813.28624
4;26;91;51818.83004
4;26;1;34.68476
4;26;21;2327.64728
4;26;31;6385.611
4;26;61;24949.17804
4;26;71;31695.77996
4;26;76;36076.65904
4;16;26;3482.19776
4;16;31;5600.0194
4;16;61;21930.2882
4;16;76;32890.88048
4;16;51;17093.63792
4;16;86;42121.18532
4;16;101;61843.83368
4;16;81;37369.92796
4;16;91;48173.166
4;16;1;23.7222
4;16;16;956.10092
4;16;41;11288.96252
4;16;46;14120.27728
4;16;66;24650.63528
4;16;71;27755.04184
4;16;96;54610.64012
4;16;6;87.96304
4;16;11;380.0594
4;16;21;1927.8564
4;16;36;8320.76908
4;16;56;19477.58524
4;61;36;13589.95988
4;61;46;22868.19664
4;61;76;46495.9236
4;61;91;65713.05676
4;61;26;6131.78268
4;61;21;3765.99296
4;61;31;9365.37264
4;61;56;30882.66636
4;61;66;37292.6436
4;61;11;932.13332
4;61;6;320.30208
4;61;41;18263.01912
4;61;51;26727.33916
4;61;61;34341.82304
4;61;81;52292.67836
4;61;96;72842.15116
4;61;1;86.354
4;61;71;43146.54292
4;61;86;59384.17436
4;61;101;84581.29804
4;61;16;2022.46876
4;76;41;20003.4046
4;76;46;24296.34452
4;76;81;56570.97944
4;76;66;40029.9536
4;76;76;50141.29884
4;76;1;98.51076
4;76;11;1054.89616
4;76;31;10396.87904
4;76;36;15030.15984
4;76;56;32888.30168
4;76;91;69643.92708
4;76;96;78240.71168
4;76;6;367.035
4;76;16;2296.60904
4;76;21;4099.134
4;76;51;27966.77128
4;76;101;89278.19088
4;76;26;6913.93504
4;76;61;36673.49616
4;76;71;44052.78712
4;76;86;62191.21136
4;86;41;20546.4976
4;86;61;38344.62668
4;86;96;80663.39092
4;86;16;2440.32576
4;86;21;4503.7162
4;86;66;41602.628
4;86;101;91247.579
4;86;26;7316.4176
4;86;31;11007.44184
4;86;76;52340.31324
4;86;71;47002.9634
4;86;1;113.97504
4;86;6;405.82172
4;86;11;1146.78484
4;86;36;15775.18636
4;86;46;25532.24932
4;86;51;29495.91108
4;86;56;34661.47536
4;86;81;58058.39472
4;86;86;64865.6842
4;86;91;73005.085
4;6;16;701.25796
4;6;66;22234.10796
4;6;71;25090.4486
4;6;81;33672.15168
4;6;6;56.84352
4;6;21;1509.55868
4;6;56;17016.57828
4;6;86;39711.66256
4;6;91;44231.38128
4;6;101;57576.80376
4;6;1;8.37388
4;6;11;265.633
4;6;46;12353.08016
4;6;61;19795.2896
4;6;26;2789.04864
4;6;31;4741.97284
4;6;36;6978.13212
4;6;41;9881.21984
4;6;51;15170.74748
4;6;76;29040.96244
4;6;96;50522.92864
4;46;16;1572.10824
4;46;36;11391.019
4;46;71;35701.7092
4;46;81;44956.50796
4;46;91;57887.25484
4;46;96;65260.4198
4;46;1;59.67876
4;46;31;7896.94832
4;46;46;18599.35572
4;46;61;28012.88852
4;46;76;39816.46568
4;46;86;50282.50728
4;46;6;229.52776
4;46;11;697.76304
4;46;51;22131.35112
4;46;56;25165.68136
4;46;21;2962.34008
4;46;26;5145.13252
4;46;41;15128.96676
4;46;66;32041.0286
4;46;101;73367.81744
4;51;86;51792.92736
4;51;91;59266.54496
4;51;96;67492.12932
4;51;16;1636.993
4;51;31;8142.15848
4;51;51;22859.45388
4;51;76;41499.25828
4;51;56;25967.34272
4;51;61;28719.60356
4;51;66;32495.84996
4;51;101;73115.5344
4;51;11;761.3654
4;51;36;11873.9416
4;51;41;15775.23496
4;51;46;19635.26848
4;51;71;36191.16104
4;51;81;46790.39876
4;51;1;56.91604
4;51;6;250.131
4;51;21;3100.22704
4;51;26;5181.497
4;71;76;48771.6164
4;71;86;61514.72324
4;71;91;68402.9766
4;71;96;76170.13048
4;71;21;4052.3602
4;71;26;6599.66952
4;71;36;14471.78384
4;71;41;19225.59872
4;71;101;83985.81388
4;71;46;23613.60692
4;71;56;32083.83124
4;71;61;35181.16472
4;71;71;44379.57036
4;71;66;39032.1932
4;71;1;94.67816
4;71;6;346.43828
4;71;11;1010.5674
4;71;31;10096.32212
4;71;16;2174.08732
4;71;51;27876.82316
4;71;81;56110.46704
4;96;41;21905.11156
4;96;51;31461.29316
4;96;66;44254.81556
4;96;26;7721.06764
4;96;31;11781.53164
4;96;36;16236.19184
4;96;71;48904.84192
4;96;86;66902.88232
4;96;96;83303.46688
4;96;11;1242.5442
4;96;6;439.79572
4;96;16;2689.0818
4;96;46;26990.91104
4;96;56;34981.61824
4;96;61;39871.23608
4;96;76;53894.97108
4;96;1;113.818
4;96;81;60365.119
4;96;91;74963.17396
4;96;101;94889.9478
4;96;21;4706.47248
4;41;1;46.2156
4;41;11;660.08904
4;41;26;4712.65344
4;41;81;43647.77648
4;41;86;49869.52688
4;41;21;2755.51796
4;41;31;7576.49156
4;41;41;14241.53952
4;41;61;27240.16008
4;41;71;34612.59164
4;41;91;55183.92104
4;41;96;63494.53244
4;41;16;1529.73584
4;41;36;10939.60284
4;41;46;18178.36324
4;41;66;29877.17632
4;41;76;38332.18536
4;41;101;72205.64784
4;41;6;216.25496
4;41;51;20848.43156
4;41;56;24700.68644
4;11;91;47296.62552
4;11;101;59561.71084
4;11;1;10.48608
4;11;31;5072.31052
4;11;36;7616.22808
4;11;76;30577.94872
4;11;86;41457.13068
4;11;41;10538.14836
4;11;56;18352.73804
4;11;66;23334.43252
4;11;26;3084.94016
4;11;81;34908.41488
4;11;96;51991.11448
4;11;6;65.73588
4;11;11;312.00144
4;11;16;838.89376
4;11;61;20417.1932
4;11;71;26818.32208
4;11;21;1711.9782
4;11;46;13295.62724
4;11;51;16347.97548
4;21;31;5872.25112
4;21;41;11855.37024
4;21;81;37912.65176
4;21;26;3586.56688
4;21;21;2082.88892
4;21;36;8752.7292
4;21;46;14977.48652
4;21;61;22463.79332
4;21;66;25453.07684
4;21;76;33076.45984
4;21;96;56355.59124
4;21;11;433.41412
4;21;86;44016.40876
4;21;51;17974.9292
4;21;6;133.95768
4;21;16;1029.55276
4;21;56;20109.26088
4;21;71;29589.45852
4;21;91;50744.22656
4;21;101;65001.21956
4;21;1;29.46212
4;31;11;555.39684
4;31;16;1271.72672
4;31;46;17132.01744
4;31;76;36929.58088
4;31;81;41281.26956
4;31;21;2511.34144
4;31;41;13686.58344
4;31;71;32496.66192
4;31;96;61860.61944
4;31;26;4264.71964
4;31;36;9676.28332
4;31;51;20109.1152
4;31;56;23101.14324
4;31;66;28825.24624
4;31;101;70167.40864
4;31;1;33.7018
4;31;6;177.46716
4;31;31;6780.68808
4;31;61;25663.95936
4;31;86;46476.2936
4;31;91;53010.2736
4;56;56;30033.61028
4;56;96;72569.2914
4;56;46;21765.04412
4;56;51;26214.84156
4;56;41;18270.85984
4;56;71;40530.07576
4;56;81;51205.19912
4;56;91;65787.85032
4;56;6;306.86036
4;56;11;861.47264
4;56;66;37620.73888
4;56;76;46032.00144
4;56;86;57241.0218
4;56;101;82099.33228
4;56;21;3584.0856
4;56;26;5941.64764
4;56;31;9202.05944
4;56;36;13529.06012
4;56;61;33261.168
4;56;1;78.1192
4;56;16;1941.0142
4;66;76;47177.47696
4;66;86;59408.66976
4;66;96;75648.13976
4;66;16;2094.19048
4;66;21;3880.67436
4;66;26;6413.1552
4;66;31;9812.44448
4;66;56;30970.28108
4;66;101;84157.77428
4;66;1;94.58784
4;66;36;13875.77708
4;66;66;38706.66104
4;66;71;42762.42656
4;66;91;67159.8804
4;66;11;963.09544
4;66;46;23040.56292
4;66;51;27047.12736
4;66;61;34402.36032
4;66;81;53559.85648
4;66;6;337.14832
4;66;41;18903.38292
4;81;41;20679.59392
4;81;51;29035.40004
4;81;56;33703.5034
4;81;86;63128.80256
4;81;91;70218.19056
4;81;1;103.35256
4;81;21;4281.0092
4;81;36;15218.81036
4;81;46;24873.99968
4;81;96;80666.74976
4;81;101;88709.51216
4;81;11;1133.84132
4;81;16;2388.09484
4;81;66;41281.87136
4;81;71;45703.67096
4;81;76;51402.63956
4;81;81;56322.84772
4;81;6;385.57068
4;81;26;7095.8156
4;81;31;10706.5634
4;81;61;36997.38964
4;91;1;119.69608
4;91;6;427.8986
4;91;36;16266.72208
4;91;46;26532.8234
4;91;56;34572.35968
4;91;76;53374.11296
4;91;81;58956.41252
4;91;86;66710.61856
4;91;91;74550.67276
4;91;26;7361.92984
4;91;41;21177.66896
4;91;61;38825.02576
4;91;71;47601.20904
4;91;96;82500.44628
4;91;11;1195.92964
4;91;16;2547.49544
4;91;21;4605.50152
4;91;31;11327.73908
4;91;51;31040.90888
4;91;66;43111.42452
4;91;101;92459.63012
4;1;1;6.6726
4;1;11;201.72332
4;1;26;2559.27388
4;1;51;14292.33756
4;1;56;16610.73444
4;1;61;19184.40264
4;1;31;4355.82504
4;1;71;25422.80852
4;1;86;38125.94656
4;1;101;57139.3252
4;1;46;11645.00096
4;1;81;32882.61144
4;1;91;43704.82264
4;1;96;50162.34604
4;1;6;42.99136
4;1;16;625.68428
4;1;21;1356.42784
4;1;36;6767.25408
4;1;41;9472.9418
4;1;66;21563.59528
4;1;76;28758.86592
4;101;31;11902.27588
4;101;61;39971.03736
4;101;101;94635.09136
4;101;21;4947.15324
4;101;46;27355.6076
4;101;71;50207.75116
4;101;86;68064.86636
4;101;16;2714.6988
4;101;11;1290.91976
4;101;26;8075.07404
4;101;36;16849.90288
4;101;56;36160.936
4;101;66;43835.03148
4;101;81;61501.02024
4;101;91;76567.98076
4;101;6;451.52384
4;101;96;86162.9514
4;101;41;22685.0046
4;101;51;31911.498
4;101;76;54596.45852
4;101;1;114.96596
