Fractal MAS Depth [-];Application Number in Fractal MAS [-];Maximum Number of Instances Deployed by Application [-];Time [us]
2;61;36;0.11831732792840544
2;61;56;0.12010986725621862
2;61;61;0.12186211413162351
2;61;1;0.1167503569735056
2;61;6;0.11855005235864591
2;61;21;0.11873269943527269
2;61;96;0.11740917677752064
2;61;101;0.119744378346314
2;61;31;0.12282800330997352
2;61;71;0.1188886183026763
2;61;86;0.11921451847844348
2;61;46;0.11913010024498993
2;61;51;0.11894381625577895
2;61;81;0.1203028351348449
2;61;91;0.11914418123049669
2;61;11;0.11964854297662293
2;61;16;0.1178622138459631
2;61;41;0.11944012338019631
2;61;26;0.11851498167894944
2;61;66;0.12289499142792296
2;61;76;0.12095763352586031
2;66;36;0.12016573515508618
2;66;41;0.11996668705717037
2;66;46;0.12039593066416217
2;66;61;0.11832137152450753
2;66;71;0.12045683404470216
2;66;76;0.12117503383557071
2;66;101;0.11815021207757001
2;66;11;0.11648220360349645
2;66;16;0.12272083372291687
2;66;86;0.1185594615243014
2;66;1;0.11484829320557274
2;66;6;0.11594763734347117
2;66;21;0.11577917303064639
2;66;31;0.11919768082755752
2;66;66;0.12017435599457418
2;66;81;0.11699247613775811
2;66;26;0.12142313713181185
2;66;51;0.11992944134070753
2;66;56;0.11890170170108971
2;66;91;0.11909602097613017
2;66;96;0.1187972373414788
2;76;61;0.12034790625318592
2;76;71;0.11981536494567226
2;76;86;0.11443404519824037
2;76;11;0.11680272905166982
2;76;21;0.11940973339376112
2;76;36;0.11707671705969526
2;76;46;0.11630601267621127
2;76;96;0.11971456235464989
2;76;101;0.12067059225930289
2;76;31;0.11594898638695478
2;76;41;0.11774708608965719
2;76;51;0.11721326375107917
2;76;66;0.11756049415740383
2;76;6;0.11642398451234011
2;76;26;0.11970438175957465
2;76;56;0.1173653958120284
2;76;91;0.11876485954550522
2;76;1;0.11422693148572267
2;76;16;0.116900593310643
2;76;76;0.11984466908915359
2;76;81;0.11851670769851524
2;91;1;0.11439419158509094
2;91;51;0.11661409072465392
2;91;71;0.11774679226598496
2;91;86;0.11853141596117131
2;91;91;0.1166413673206208
2;91;6;0.11350414457980028
2;91;11;0.11689860630529046
2;91;16;0.11472843110899353
2;91;26;0.11908934559202544
2;91;36;0.11693565054201824
2;91;61;0.11515232267695137
2;91;21;0.1174097076169427
2;91;31;0.11579336567562827
2;91;46;0.11734065688566445
2;91;56;0.11713658082907841
2;91;81;0.11751942990296675
2;91;96;0.12160688064027061
2;91;41;0.12026086696024087
2;91;66;0.11576481706190005
2;91;76;0.11886551900569854
2;91;101;0.11772804029481672
2;6;1;0.1495422663594872
2;6;11;0.17721150223317736
2;6;86;0.18294285045937408
2;6;16;0.17963659179622227
2;6;36;0.1811280269020553
2;6;41;0.18419906999096716
2;6;56;0.18476116503234372
2;6;71;0.18438644874346005
2;6;91;0.18383838732919722
2;6;6;0.1712122208591299
2;6;31;0.18067991184685092
2;6;46;0.1853235971464507
2;6;66;0.18366927442848058
2;6;96;0.18159127023153873
2;6;21;0.17677871576734272
2;6;26;0.18166360345999566
2;6;51;0.1835278045254081
2;6;61;0.18582213723677432
2;6;76;0.1827466545098592
2;6;81;0.18418657445982545
2;6;101;0.1840199376343868
2;26;86;0.12995881955475228
2;26;96;0.13191911231205564
2;26;1;0.11982712195621913
2;26;11;0.12997131037401127
2;26;91;0.12851945107884435
2;26;61;0.13070919316593502
2;26;81;0.13029826031047237
2;26;36;0.13131422102085025
2;26;46;0.13064662924723175
2;26;56;0.1299255785074886
2;26;76;0.1267500072261463
2;26;101;0.12850048108925272
2;26;21;0.12877889792057756
2;26;26;0.1277803506939878
2;26;31;0.1301306145082267
2;26;41;0.12704753778279473
2;26;51;0.13036119672601235
2;26;66;0.13555875229820585
2;26;71;0.1283506546246672
2;26;6;0.12851218489812263
2;26;16;0.1308829330884182
2;41;61;0.12481271129315179
2;41;81;0.12365473031945179
2;41;91;0.12497130760743713
2;41;96;0.1222579509017556
2;41;101;0.12544773914097793
2;41;1;0.11552451257515056
2;41;21;0.12645531567361773
2;41;46;0.12173785596238897
2;41;11;0.12129747791476289
2;41;36;0.12578175934063102
2;41;41;0.12582327163584422
2;41;76;0.12330909333331362
2;41;86;0.1252765389092584
2;41;6;0.1175039234399103
2;41;16;0.12260343554069211
2;41;26;0.12470259400714905
2;41;66;0.12326616267809035
2;41;71;0.12063769564172026
2;41;31;0.12493223109504871
2;41;51;0.12292546725461417
2;41;56;0.12587141887757494
2;51;11;0.1204889796193317
2;51;21;0.12246410055528062
2;51;31;0.1213213166908044
2;51;41;0.12026824238023515
2;51;91;0.1207043330231251
2;51;16;0.12135807550607348
2;51;36;0.12226506480682472
2;51;56;0.12391952169036631
2;51;66;0.12015621612050857
2;51;71;0.12404829138768249
2;51;81;0.12188106755760177
2;51;6;0.12115294697761883
2;51;26;0.12035970702698741
2;51;86;0.11906117357315366
2;51;96;0.12395021488689056
2;51;101;0.12294345378276694
2;51;1;0.11850542024690781
2;51;46;0.12029612054845258
2;51;51;0.1194039074833079
2;51;61;0.11928602960343548
2;51;76;0.12151326487553178
2;96;51;0.11930887744897604
2;96;71;0.11447535226714389
2;96;96;0.1194495375905837
2;96;101;0.1168218622937945
2;96;1;0.1134936840663839
2;96;11;0.11458694644381974
2;96;16;0.1172879003636332
2;96;31;0.11822132230150839
2;96;6;0.11635515711466433
2;96;66;0.11768353777560969
2;96;81;0.11546302567547034
2;96;86;0.11798881025602755
2;96;91;0.11770970736587288
2;96;26;0.11823577401321639
2;96;36;0.11460870168183013
2;96;41;0.11590566206147677
2;96;46;0.11790351933070375
2;96;56;0.11801449147081428
2;96;61;0.11436976284879768
2;96;76;0.11802021766218355
2;96;21;0.12011207733906855
2;1;36;0.3099690745828804
2;1;61;0.3158176471046447
2;1;81;0.31293494133910144
2;1;101;0.3140803732372196
2;1;1;0.2440992368122012
2;1;26;0.31210006298143217
2;1;51;0.31174835262777434
2;1;86;0.315177009293268
2;1;96;0.3183654097056941
2;1;6;0.28657545081076735
2;1;11;0.30037968948842764
2;1;16;0.3065317156533382
2;1;31;0.30980172969524894
2;1;56;0.3119611622993004
2;1;71;0.313542010650727
2;1;76;0.3138800285751858
2;1;21;0.3108760056928848
2;1;41;0.31370323503358294
2;1;46;0.31417033324013416
2;1;66;0.31126846431476385
2;1;91;0.3157632925231281
2;21;31;0.13457405252399687
2;21;71;0.13557511202454392
2;21;76;0.13612893399625678
2;21;81;0.13408847129109772
2;21;96;0.13685093752654912
2;21;1;0.12423373030553388
2;21;11;0.13196975395320226
2;21;41;0.13212697546010907
2;21;56;0.13127631023200734
2;21;66;0.13322145915851072
2;21;6;0.13056131395028284
2;21;26;0.13455000280439597
2;21;101;0.1338583303740455
2;21;86;0.13449488870418513
2;21;91;0.13196574088303806
2;21;16;0.13521422595511678
2;21;21;0.13583386620254598
2;21;36;0.1340157051249017
2;21;46;0.1365397393384653
2;21;51;0.13639615233123656
2;21;61;0.13423050271510936
2;36;46;0.12341863783612474
2;36;56;0.12293315426375376
2;36;61;0.12650001094800695
2;36;66;0.12447168431306803
2;36;36;0.123780762884531
2;36;71;0.12617227919447918
2;36;1;0.11736618949416446
2;36;6;0.11883299968771134
2;36;11;0.12384329470484973
2;36;16;0.12532037324896025
2;36;26;0.12466097903132554
2;36;31;0.12431740271537069
2;36;76;0.12596119939955153
2;36;81;0.12476680086255916
2;36;86;0.12397005100993122
2;36;91;0.12451285130887497
2;36;96;0.12494954746977166
2;36;101;0.12304807351044357
2;36;21;0.12757183013508466
2;36;41;0.12498474521516728
2;36;51;0.12542803289403137
2;81;61;0.11524815335377243
2;81;81;0.11958552265198566
2;81;101;0.11917181252866774
2;81;21;0.11569334715594758
2;81;46;0.11879750017174516
2;81;56;0.1202094168964622
2;81;71;0.11707534911636708
2;81;76;0.12031296241347253
2;81;6;0.11404675971610131
2;81;11;0.11514256636752784
2;81;16;0.11911310512677543
2;81;31;0.11774572314801167
2;81;86;0.11618331965181064
2;81;96;0.11784879078725026
2;81;41;0.11722923065292938
2;81;51;0.11666494879963796
2;81;66;0.11694382911427269
2;81;91;0.11748024528692382
2;81;1;0.11420721739017105
2;81;26;0.11780125483271667
2;81;36;0.12062009087351876
2;16;21;0.141466453706345
2;16;46;0.14067583444067927
2;16;61;0.14294323669361964
2;16;66;0.14223479531421396
2;16;71;0.14019995445732164
2;16;96;0.1449719920620532
2;16;1;0.12755869740726175
2;16;51;0.13978351853074902
2;16;26;0.14121845436098923
2;16;11;0.13904787322099585
2;16;16;0.1392076768481574
2;16;36;0.1403565458648097
2;16;41;0.1406818129268332
2;16;56;0.14193798773729588
2;16;76;0.13938666618042267
2;16;81;0.13904787470599317
2;16;6;0.1347068859661576
2;16;91;0.14306265995817477
2;16;86;0.14038429355341375
2;16;101;0.1421223944230336
2;16;31;0.14131251640678977
2;71;51;0.12112369249176408
2;71;61;0.11878075003691033
2;71;86;0.11837730415462079
2;71;91;0.117668390890897
2;71;1;0.11851188991491174
2;71;36;0.1182873758258951
2;71;41;0.11833543681343521
2;71;81;0.11943435736984118
2;71;96;0.12031695081545808
2;71;6;0.11680983726453967
2;71;46;0.11872749974374051
2;71;76;0.11798536435664811
2;71;71;0.1205977829222813
2;71;101;0.11753123020570833
2;71;26;0.11820393743114264
2;71;31;0.12041609439198464
2;71;56;0.12169371455962882
2;71;66;0.1190979738664439
2;71;11;0.11925759766724382
2;71;16;0.11645658301816096
2;71;21;0.11764856072132747
2;86;21;0.11928132812702506
2;86;46;0.11831282566037231
2;86;51;0.11697923925958256
2;86;61;0.11966036116500649
2;86;71;0.11941002897387788
2;86;1;0.1138483560095696
2;86;6;0.11708092182412631
2;86;11;0.11716007285191163
2;86;36;0.11764270253769252
2;86;41;0.12004412680853982
2;86;56;0.11762540019991245
2;86;81;0.11611320426232168
2;86;91;0.11798460896569117
2;86;101;0.11844062845827202
2;86;16;0.11822919819105177
2;86;26;0.11679041711978268
2;86;31;0.1168808864366374
2;86;66;0.11724992881744171
2;86;76;0.11746735692770013
2;86;86;0.1159362076497527
2;86;96;0.11588936408017135
2;101;51;0.11671677817062688
2;101;6;0.11771604491631704
2;101;21;0.11630291026368775
2;101;36;0.11855730493994371
2;101;31;0.1189531826770154
2;101;76;0.11929225422546673
2;101;56;0.11683148627695765
2;101;61;0.11943808500920705
2;101;81;0.11797591148850017
2;101;86;0.11734844922527522
2;101;101;0.11432889300561784
2;101;11;0.11395647971011115
2;101;16;0.11651140280998297
2;101;26;0.11469594874932683
2;101;66;0.11400934437310116
2;101;71;0.11585455946574567
2;101;91;0.1160413334086963
2;101;96;0.11748307713173577
2;101;1;0.11486728725618325
2;101;41;0.11901665963853704
2;101;46;0.11850661344675438
2;11;16;0.1471363501456965
2;11;21;0.15298247327771766
2;11;36;0.15418947654623547
2;11;41;0.1542713769493435
2;11;46;0.15259922394023956
2;11;56;0.15175553429547733
2;11;81;0.15269050933339562
2;11;96;0.15343235698309338
2;11;6;0.14531269741355576
2;11;26;0.15415386946152834
2;11;61;0.15597469435184685
2;11;1;0.132153776905896
2;11;11;0.14702271997817362
2;11;31;0.15670642352643993
2;11;51;0.1531591428912274
2;11;71;0.15336506497948232
2;11;91;0.15226172228506873
2;11;101;0.1544354951751902
2;11;66;0.1515239495543268
2;11;76;0.15562191721453422
2;11;86;0.1546935046026892
2;31;11;0.12425271622609325
2;31;36;0.12523472672169955
2;31;66;0.1267760963414556
2;31;96;0.12770795003680124
2;31;6;0.12407062847772762
2;31;21;0.1245267590553555
2;31;31;0.12766061532780643
2;31;61;0.12702923364430677
2;31;71;0.12711923419964932
2;31;41;0.12770466341507258
2;31;51;0.12795556424696575
2;31;91;0.12983342131280176
2;31;86;0.130157736676015
2;31;1;0.11889994477932718
2;31;16;0.12798666693568206
2;31;26;0.12831669043163502
2;31;46;0.12520537785291275
2;31;56;0.12731384448090655
2;31;76;0.129438702812536
2;31;81;0.12910580048047912
2;31;101;0.12659953420316705
2;46;56;0.12270777677895765
2;46;61;0.12308682145891989
2;46;86;0.12332541298655512
2;46;91;0.12172620149829853
2;46;6;0.12101429283383965
2;46;26;0.12308879258394594
2;46;36;0.12552700295336416
2;46;76;0.12065774352599969
2;46;81;0.1210596586746683
2;46;1;0.1164909135489277
2;46;16;0.12086251430941107
2;46;31;0.12288611036328752
2;46;46;0.12437990746017871
2;46;51;0.12375252813816115
2;46;71;0.12295025612819367
2;46;96;0.12217090701889659
2;46;11;0.12090380221084045
2;46;21;0.11982491730261455
2;46;101;0.12551245221958837
2;46;41;0.12290605456655786
2;46;66;0.12266816445561789
2;56;71;0.11973030392567388
2;56;1;0.11359566140682632
2;56;21;0.11773464832496298
2;56;26;0.1201372682906667
2;56;31;0.12315474730849452
2;56;66;0.12286945310972076
2;56;86;0.12145230480068317
2;56;6;0.12074656825513222
2;56;16;0.12177553299883973
2;56;56;0.12083417597608823
2;56;61;0.12134293364422338
2;56;76;0.11992397820118202
2;56;91;0.12378215209126597
2;56;11;0.12220331112400537
2;56;36;0.12183911932032328
2;56;41;0.12330544049647418
2;56;51;0.12268847501868516
2;56;81;0.12048290845001158
2;56;46;0.12040464700522698
2;56;96;0.1205835514507289
2;56;101;0.11810987405695361
3;96;16;0.11621633063842242
3;96;21;0.1127764044715939
3;96;41;0.11504430491384739
3;96;76;0.11427733316246161
3;96;81;0.11648232591742476
3;96;101;0.11814926446518789
3;96;1;0.1139490246758162
3;96;6;0.11631357944743435
3;96;31;0.11569762991636805
3;96;46;0.11598523200996438
3;96;66;0.11712494550472614
3;96;71;0.1148442478692945
3;96;11;0.11402906204095561
3;96;36;0.11341357454896996
3;96;56;0.11955555784046382
3;96;96;0.11383691664220214
3;96;26;0.11733118066841093
3;96;51;0.11469984731114558
3;96;61;0.11581417774092115
3;96;86;0.11624102860935391
3;96;91;0.11486450093056062
3;66;51;0.11564917158500757
3;66;56;0.11520045586485589
3;66;71;0.1191838412666133
3;66;81;0.11741585761466972
3;66;11;0.11736002899885234
3;66;26;0.11604597583184806
3;66;31;0.11471423935444816
3;66;66;0.11803578943523924
3;66;91;0.1179993715616529
3;66;36;0.11736306719730645
3;66;46;0.11801344644257457
3;66;61;0.11585272566410251
3;66;86;0.11546725577239302
3;66;96;0.11832052740019794
3;66;101;0.11939097615901889
3;66;1;0.11422985430065893
3;66;41;0.11564249898951862
3;66;76;0.11440070013265977
3;66;6;0.11200065667875467
3;66;16;0.11561304331739242
3;66;21;0.11518795850176698
3;86;41;0.11536844973009443
3;86;66;0.11211222133124217
3;86;91;0.11487015330273319
3;86;101;0.11564807657463269
3;86;1;0.11213360840096707
3;86;16;0.1138446108316138
3;86;26;0.11512666201260317
3;86;56;0.1165018589783279
3;86;61;0.1135242617175942
3;86;76;0.11656885445656517
3;86;86;0.11502480797487552
3;86;96;0.1124706898229268
3;86;6;0.11806058713894588
3;86;21;0.11741616419747226
3;86;31;0.11475808530960738
3;86;71;0.11660449312804147
3;86;81;0.11313137759507763
3;86;11;0.11352806548723524
3;86;46;0.11359412821235003
3;86;51;0.11622593150515119
3;86;36;0.11466765755260833
3;31;51;0.12018998948560979
3;31;56;0.11944362740256223
3;31;61;0.12447846667160375
3;31;71;0.12318895008202983
3;31;6;0.12117414944181999
3;31;36;0.12200560525565926
3;31;81;0.11963261090339734
3;31;86;0.12107310713489074
3;31;16;0.12169226577162189
3;31;76;0.12355993967863156
3;31;46;0.12170861953804342
3;31;66;0.12148724130316729
3;31;91;0.12182676687024682
3;31;96;0.1228144848577094
3;31;101;0.12183333599199682
3;31;1;0.11778358171865873
3;31;21;0.12163774286282572
3;31;31;0.12263311926061127
3;31;41;0.12516708898682688
3;31;11;0.1211075397688976
3;31;26;0.12121576856328042
3;46;76;0.12255342885719978
3;46;91;0.11667142609144589
3;46;21;0.11946831950392947
3;46;31;0.11752576731314668
3;46;46;0.11802839825461817
3;46;61;0.11901266203386222
3;46;81;0.12179186417865416
3;46;1;0.11759592471800002
3;46;16;0.11862205442955671
3;46;51;0.11758752337617592
3;46;66;0.1180963321224511
3;46;6;0.11731032060764095
3;46;11;0.11723448529466886
3;46;26;0.11809542668846304
3;46;71;0.11907868734230734
3;46;86;0.12001021051075575
3;46;96;0.12055017727179101
3;46;101;0.11962416902235924
3;46;36;0.11851191474175225
3;46;41;0.11791383393116807
3;46;56;0.12033056038525095
3;76;31;0.1157801718856072
3;76;16;0.11682222900194267
3;76;21;0.11616809826995737
3;76;26;0.1171742021012027
3;76;41;0.1179930661427163
3;76;46;0.11573798528901115
3;76;66;0.11654369742255233
3;76;86;0.11782396198544118
3;76;91;0.1161300568838318
3;76;101;0.1156285689934912
3;76;36;0.11666540702691493
3;76;76;0.11433348980153472
3;76;81;0.11909947602980936
3;76;96;0.11536287669048366
3;76;1;0.11283741935367529
3;76;6;0.11679258665084992
3;76;11;0.11558356184108086
3;76;51;0.11507705985778659
3;76;56;0.11544150549850046
3;76;61;0.11537016213702418
3;76;71;0.11407967550507311
3;91;61;0.11362338700893215
3;91;56;0.11467778390220258
3;91;26;0.11778070276582626
3;91;41;0.1134270470541985
3;91;91;0.11586290104004246
3;91;6;0.11232239943423836
3;91;11;0.11615371029341112
3;91;31;0.11625014899885236
3;91;51;0.11479888373852
3;91;66;0.11544117409648483
3;91;96;0.1139263842182005
3;91;1;0.11543063195116963
3;91;21;0.11431438753292195
3;91;36;0.11476597293611554
3;91;46;0.11582937298482676
3;91;71;0.11294660895952584
3;91;76;0.11295611320643051
3;91;81;0.11521669607035871
3;91;86;0.11290655555318994
3;91;16;0.11564959520274204
3;91;101;0.1145739746192638
3;101;51;0.1160809119700951
3;101;81;0.1164594007296473
3;101;91;0.1155965941670375
3;101;101;0.11310888124754774
3;101;16;0.11611621462452199
3;101;26;0.11298225974967059
3;101;56;0.1139733652021106
3;101;61;0.1124427134990674
3;101;66;0.11212860029051887
3;101;76;0.11675650246180674
3;101;6;0.11891185956557367
3;101;11;0.11325437281559667
3;101;31;0.1128933545898731
3;101;36;0.11423864634718617
3;101;41;0.11846937263183573
3;101;46;0.11213054986120265
3;101;71;0.11361831751725857
3;101;86;0.11247358512078968
3;101;96;0.11547734552815647
3;101;1;0.11327620555031725
3;101;21;0.11704607004873888
3;1;26;0.23455135568299434
3;1;31;0.23513512062439013
3;1;61;0.2351862902095979
3;1;76;0.23725825222382363
3;1;1;0.2045477875408651
3;1;41;0.23787059278161177
3;1;91;0.23558488290164256
3;1;101;0.23820188640311799
3;1;86;0.23705166363021954
3;1;11;0.23384528871463423
3;1;46;0.23810169036794532
3;1;56;0.23560653052923075
3;1;71;0.23611165842453455
3;1;81;0.23671731002733454
3;1;66;0.23709276823215542
3;1;96;0.23565274271715625
3;1;6;0.2271164362338814
3;1;16;0.23299755844710282
3;1;21;0.23284349975570506
3;1;36;0.23757539268408698
3;1;51;0.23462620724077762
3;21;6;0.1237780498132975
3;21;31;0.12646480953200057
3;21;91;0.1254064171190228
3;21;1;0.11788583397487962
3;21;36;0.12783341168374207
3;21;61;0.12616751088782702
3;21;66;0.1257927140071716
3;21;71;0.12375228989538883
3;21;11;0.12348652053959171
3;21;16;0.1252115780141898
3;21;21;0.12526251011085088
3;21;26;0.12330374889377943
3;21;41;0.12963982995236703
3;21;46;0.1253224869927607
3;21;51;0.125781039577707
3;21;76;0.12419045095086642
3;21;81;0.12467570514592406
3;21;86;0.12305625510455852
3;21;101;0.12412828228621324
3;21;56;0.1266941788543494
3;21;96;0.12510393395386868
3;26;96;0.12411292737350876
3;26;101;0.12369498460023075
3;26;41;0.12519443160216645
3;26;51;0.1263490355336377
3;26;81;0.12058696308471167
3;26;86;0.1263125406755989
3;26;26;0.12265857938517348
3;26;61;0.12365471666628833
3;26;66;0.12228963456158506
3;26;1;0.11772290687484488
3;26;6;0.12301688599054876
3;26;11;0.12226454917907587
3;26;21;0.12190317847019953
3;26;16;0.123315347231789
3;26;31;0.1243070374424849
3;26;46;0.12432734164295012
3;26;91;0.1230869658188465
3;26;36;0.12363788617479085
3;26;56;0.12378302779618977
3;26;71;0.12366409855342797
3;26;76;0.12474659785606373
3;36;21;0.11929429409956943
3;36;26;0.12263751319527985
3;36;56;0.11956304272523847
3;36;81;0.1193765692003114
3;36;86;0.11995630488425406
3;36;1;0.11330242738965836
3;36;41;0.12091419567155787
3;36;71;0.12128761894293283
3;36;76;0.12041142354580821
3;36;46;0.121794544703447
3;36;51;0.12107138782129555
3;36;91;0.12263736731469899
3;36;96;0.12096499807756618
3;36;6;0.11986602408178786
3;36;16;0.11882506005687751
3;36;31;0.12225255319633802
3;36;36;0.11918949147125683
3;36;101;0.12161573669713345
3;36;11;0.12092525788510752
3;36;61;0.11955946859040595
3;36;66;0.12063330716648771
3;51;11;0.1178468722297748
3;51;16;0.11560667680716796
3;51;96;0.11733221073658742
3;51;51;0.11929425306938725
3;51;71;0.11730864654835355
3;51;81;0.11577884548518942
3;51;1;0.11447669311109859
3;51;31;0.11622318258449485
3;51;41;0.11546044998672547
3;51;66;0.11582717259601949
3;51;76;0.11720133603309513
3;51;101;0.11604707580927527
3;51;6;0.11641669643335847
3;51;56;0.11645211068879538
3;51;61;0.11844199494677732
3;51;46;0.11435335830823563
3;51;86;0.11949158559559823
3;51;91;0.11763997222169212
3;51;21;0.11587980532302176
3;51;26;0.11745444479617852
3;51;36;0.1192639587118874
3;56;41;0.11860778792054867
3;56;71;0.11661108099771074
3;56;76;0.1187623531476453
3;56;91;0.11543648330406142
3;56;26;0.11855711856529204
3;56;6;0.11495078114452427
3;56;16;0.11682708618008082
3;56;51;0.11847267932410654
3;56;81;0.1198713698337475
3;56;1;0.11403377527617495
3;56;101;0.11795826641946351
3;56;86;0.11881435287723101
3;56;21;0.11643371557207362
3;56;31;0.1162763750494532
3;56;36;0.1160882508653252
3;56;46;0.11653479518261782
3;56;56;0.1161396587673811
3;56;61;0.11640353342397437
3;56;66;0.1202638219224586
3;56;11;0.11230503377503781
3;56;96;0.11886247149477445
3;61;21;0.11366619510512166
3;61;41;0.11607751289146866
3;61;46;0.1184428811680444
3;61;71;0.11670500523704826
3;61;86;0.11742056054913891
3;61;1;0.11459038241315173
3;61;56;0.11701865016731403
3;61;76;0.1171922937143156
3;61;91;0.11835814606984218
3;61;96;0.1141220362188857
3;61;16;0.11587012823343054
3;61;26;0.11707527359073036
3;61;31;0.1173313376531932
3;61;51;0.1151176838963522
3;61;61;0.1167815907780533
3;61;66;0.11635176755555232
3;61;6;0.11961620090177309
3;61;11;0.11653530729357686
3;61;36;0.11726112403070584
3;61;81;0.11602183464500425
3;61;101;0.11565500662835781
3;6;36;0.15948584017770628
3;6;76;0.1566009624957287
3;6;86;0.1552110559575173
3;6;16;0.15549866434612805
3;6;21;0.1575156507377798
3;6;46;0.15632592106698245
3;6;61;0.15737351644199155
3;6;81;0.15705609864386177
3;6;96;0.15622652641178938
3;6;1;0.13384738846303423
3;6;6;0.148503655744493
3;6;11;0.1531446363974021
3;6;31;0.15809969660131754
3;6;41;0.15685133172560392
3;6;51;0.15744398444320226
3;6;26;0.1536475260575165
3;6;56;0.15462179973023568
3;6;66;0.15728315465291112
3;6;71;0.1549153046610767
3;6;91;0.15651350712975215
3;6;101;0.15799506411260444
3;16;76;0.130594126228218
3;16;16;0.1292276344146992
3;16;26;0.1314825275167499
3;16;31;0.12919220945059123
3;16;71;0.13422666458231344
3;16;6;0.1279681212866442
3;16;21;0.12923308610458684
3;16;81;0.1309589499831145
3;16;96;0.12937564962211118
3;16;91;0.1288323118915875
3;16;11;0.1303825575954531
3;16;51;0.12810825367584017
3;16;56;0.12932249288701822
3;16;66;0.1312085982999045
3;16;61;0.13336584550547392
3;16;86;0.1296888782394588
3;16;101;0.13013609824541383
3;16;1;0.12030071892397563
3;16;36;0.12734827550354322
3;16;41;0.13027408842609176
3;16;46;0.13091922294149802
3;71;1;0.1121440793071002
3;71;6;0.11330012508446452
3;71;11;0.11787708698186376
3;71;31;0.11977917466880146
3;71;41;0.11647386694550857
3;71;46;0.11279503278564072
3;71;56;0.11558040033739189
3;71;66;0.11453485647127844
3;71;81;0.11682385839697389
3;71;86;0.11613794702402916
3;71;26;0.11603387639918211
3;71;91;0.11771839681885846
3;71;16;0.11761631446953844
3;71;36;0.11477027515712791
3;71;76;0.119211936789875
3;71;96;0.11482631201885062
3;71;101;0.11599375546773413
3;71;21;0.1172487953022107
3;71;51;0.11682298307012565
3;71;61;0.11797859449469607
3;71;71;0.11694521909923127
3;81;6;0.11385794240367667
3;81;26;0.11511791292905019
3;81;61;0.11648717029470379
3;81;11;0.11589508398442225
3;81;16;0.11574928556036959
3;81;21;0.11386117974783251
3;81;31;0.11847904668724525
3;81;41;0.11265531812744517
3;81;91;0.1128219753993367
3;81;101;0.11664504304442772
3;81;56;0.11444703191183243
3;81;66;0.11479385981353994
3;81;76;0.1151709126977534
3;81;81;0.11550525615836656
3;81;96;0.11352193567271716
3;81;1;0.11475059346216222
3;81;36;0.11523828882794218
3;81;46;0.11619587543950456
3;81;51;0.11348719042550759
3;81;71;0.11551296916059949
3;81;86;0.11719184570469554
3;11;6;0.1356258868647274
3;11;11;0.13671163600481748
3;11;21;0.1378979831504165
3;11;31;0.13855642700911536
3;11;76;0.13838345879379269
3;11;81;0.13711761762401686
3;11;101;0.13795233902281742
3;11;16;0.13751618316048816
3;11;36;0.137349360070675
3;11;91;0.14159960223007806
3;11;96;0.13655836169679075
3;11;51;0.13821694901881215
3;11;56;0.14050386814041058
3;11;61;0.1385469366849242
3;11;71;0.1368920888269419
3;11;1;0.1274375707472015
3;11;26;0.1372541310815303
3;11;41;0.13706548444309785
3;11;46;0.13741684677846397
3;11;66;0.1372567017625244
3;11;86;0.14175755806655402
3;41;36;0.12185774751190169
3;41;51;0.12009090202160425
3;41;96;0.11892231801801444
3;41;21;0.1168514725043309
3;41;66;0.11612901289452976
3;41;76;0.11906812796046637
3;41;101;0.12065741520358286
3;41;56;0.11841885815890936
3;41;11;0.11579025823025155
3;41;26;0.11827838521607836
3;41;31;0.1187766045796973
3;41;71;0.1225331219289482
3;41;1;0.11218944426332518
3;41;16;0.11683540801914417
3;41;41;0.11959782824636558
3;41;46;0.11887100815202639
3;41;61;0.12003736230965455
3;41;81;0.12004812484360153
3;41;86;0.11922138719379946
3;41;91;0.11974505940063533
3;41;6;0.11700000377139466
4;36;91;0.12169071035047745
4;36;26;0.11890978194975323
4;36;61;0.11919163977875895
4;36;11;0.11786835456994588
4;36;16;0.11945832410782671
4;36;21;0.1192980788144456
4;36;41;0.12205770560478038
4;36;51;0.11968849039761402
4;36;56;0.12076112982388056
4;36;1;0.11588452086580062
4;36;6;0.12004941304457693
4;36;96;0.12003803196971641
4;36;86;0.12252834448402539
4;36;36;0.11974693960958258
4;36;46;0.11822062266619723
4;36;71;0.12229559503915535
4;36;76;0.11730653197116284
4;36;81;0.12150066316116052
4;36;101;0.12025941725588099
4;36;31;0.1202080590379497
4;36;66;0.12112074531301643
4;96;6;0.11237602532447238
4;96;16;0.11512499703688676
4;96;61;0.11486185809882726
4;96;41;0.11398597416473208
4;96;46;0.11644413646632701
4;96;1;0.1147810091797672
4;96;21;0.11387366437496953
4;96;31;0.11400541006984996
4;96;76;0.115763372803646
4;96;86;0.11400819020012411
4;96;96;0.11676338594514042
4;96;26;0.11327904628015266
4;96;36;0.11602819550453035
4;96;56;0.11580628242909569
4;96;71;0.11563600426636036
4;96;81;0.11584036352352896
4;96;91;0.11460232348961634
4;96;101;0.11310661869915575
4;96;11;0.11851724627157023
4;96;51;0.11358334336274847
4;96;66;0.11505206571783408
4;11;41;0.13848672211311752
4;11;51;0.1374554079892062
4;11;76;0.1381117190181699
4;11;81;0.14074188526279466
4;11;101;0.13675198194489513
4;11;21;0.13781812082171874
4;11;91;0.14043822686557084
4;11;96;0.13869608146854887
4;11;1;0.12663172784441928
4;11;16;0.13615776433976023
4;11;26;0.13710624881677944
4;11;31;0.13560483553725208
4;11;56;0.13831526171545108
4;11;61;0.13768359122941395
4;11;71;0.13792504394937083
4;11;86;0.14064222216079297
4;11;11;0.1361572080783697
4;11;36;0.13804543770798738
4;11;46;0.13844315038787972
4;11;66;0.13874484409113236
4;11;6;0.13508452481726396
4;16;21;0.12965799732136218
4;16;56;0.1313021196307636
4;16;6;0.1254181191399648
4;16;36;0.1301817187859275
4;16;61;0.12782922125998541
4;16;81;0.13203748341736418
4;16;86;0.1325836801580597
4;16;1;0.12015326694253972
4;16;11;0.1262577789900051
4;16;31;0.1304700021946071
4;16;51;0.13138168147952306
4;16;71;0.1316140581076322
4;16;76;0.12724689905896366
4;16;91;0.1301066010329145
4;16;16;0.13137238387174754
4;16;26;0.12774523019777656
4;16;41;0.13165825031667466
4;16;46;0.1330733304291788
4;16;66;0.13567308364128225
4;16;96;0.127644150294647
4;16;101;0.13039113141642855
4;21;16;0.12427145279726372
4;21;46;0.12581152794605208
4;21;51;0.12780312535848723
4;21;96;0.1253309758172624
4;21;1;0.1208023932830122
4;21;6;0.12286461615424775
4;21;11;0.12755151783628144
4;21;71;0.1271046609384126
4;21;86;0.12601361951494003
4;21;91;0.12692449302516418
4;21;21;0.1265233955160026
4;21;36;0.1257493708378691
4;21;61;0.12420816113743383
4;21;81;0.12641288432769077
4;21;101;0.12416507065924899
4;21;31;0.12617480044733873
4;21;41;0.1250770296357134
4;21;66;0.12483025174934807
4;21;26;0.1245571358149828
4;21;56;0.12755717951991608
4;21;76;0.12541766190816478
4;26;6;0.1209424488274433
4;26;16;0.12006293516283861
4;26;26;0.1215395829777506
4;26;51;0.12366170307126603
4;26;66;0.12299378409595577
4;26;1;0.1176874984899108
4;26;11;0.12108832215082524
4;26;21;0.11986267800506976
4;26;41;0.12309471631657072
4;26;101;0.12572895457825012
4;26;46;0.12585890321145776
4;26;56;0.12309988426718377
4;26;61;0.1257065652560446
4;26;71;0.12410629244972884
4;26;76;0.12225294684104664
4;26;81;0.12342932603687883
4;26;86;0.1236576234309164
4;26;31;0.12245125797111292
4;26;36;0.1214928155953517
4;26;91;0.12443338154704425
4;26;96;0.12417245500640921
4;61;81;0.11732800354200247
4;61;91;0.11673149249226103
4;61;6;0.11675626820052472
4;61;16;0.11725296642486997
4;61;31;0.11557260117988744
4;61;36;0.11726945075750818
4;61;46;0.1149980125178055
4;61;51;0.11781194624763965
4;61;1;0.11430785823670062
4;61;41;0.1158395326671028
4;61;61;0.11743931951327018
4;61;71;0.11641438748418223
4;61;101;0.12013921116338441
4;61;21;0.11880483472731669
4;61;26;0.11467598214582264
4;61;56;0.11590200187438136
4;61;66;0.11619491905954128
4;61;86;0.11884601031585534
4;61;96;0.117324759239881
4;61;11;0.11711108253426805
4;61;76;0.11614629249534658
4;91;6;0.11582849545997671
4;91;16;0.11650762936150016
4;91;31;0.11253718499089922
4;91;56;0.11426588561020264
4;91;66;0.1151486012751298
4;91;101;0.11615899905812604
4;91;21;0.11293927116068167
4;91;71;0.11402919861992353
4;91;81;0.11727812709038418
4;91;11;0.11606831372695033
4;91;36;0.11457320828106998
4;91;46;0.11558777754634655
4;91;86;0.11293960990252987
4;91;91;0.11534315509198176
4;91;96;0.11778200617802903
4;91;1;0.1132005275453927
4;91;26;0.11509211471014337
4;91;41;0.11421959290919086
4;91;51;0.11486027783663562
4;91;61;0.11555133306356866
4;91;76;0.11456266154855387
4;101;86;0.11517063305543765
4;101;91;0.11616209118798153
4;101;96;0.1149447564661074
4;101;101;0.11292671089671853
4;101;21;0.11461016166220406
4;101;11;0.11420210054326338
4;101;31;0.11480092911562038
4;101;36;0.1156204912008272
4;101;61;0.11677919070778843
4;101;76;0.11491917304912687
4;101;81;0.11524100248716222
4;101;1;0.11174329449137527
4;101;46;0.11547788487134561
4;101;26;0.11314579985755858
4;101;16;0.11387126751046434
4;101;41;0.11240412681804987
4;101;51;0.11570333635721361
4;101;56;0.11237659893781757
4;101;66;0.11592651300992127
4;101;71;0.11670297251617097
4;101;6;0.11365116851286511
4;6;16;0.1549165797527783
4;6;51;0.159344617719994
4;6;66;0.15595371439907518
4;6;91;0.1573829831371234
4;6;6;0.15168049326011143
4;6;11;0.1531453428275504
4;6;31;0.1584631585926813
4;6;41;0.1550958032569648
4;6;76;0.15613133914987956
4;6;81;0.15814862991069462
4;6;1;0.1368316058853369
4;6;56;0.1562786973945757
4;6;86;0.15714034321257483
4;6;96;0.159220940678781
4;6;21;0.15292509517299024
4;6;26;0.15705741295847964
4;6;36;0.1554396956118248
4;6;46;0.15664446897207615
4;6;61;0.15590827729563775
4;6;71;0.15730250400017926
4;6;101;0.15697009661324762
4;41;11;0.11629851910886735
4;41;101;0.12008045965572973
4;41;46;0.12128435432777153
4;41;51;0.12116303252153551
4;41;71;0.11888156735189193
4;41;81;0.11770901018149092
4;41;1;0.11412866772406684
4;41;21;0.12059078687286152
4;41;26;0.11681958275567597
4;41;61;0.11881950186283678
4;41;66;0.11960052786914815
4;41;76;0.11775477651453889
4;41;86;0.1210882055476858
4;41;91;0.12114535286359494
4;41;6;0.118568212545717
4;41;16;0.1226175142835293
4;41;31;0.11928707658424012
4;41;36;0.12179564940553322
4;41;41;0.11610730782593658
4;41;56;0.11952458916765432
4;41;96;0.12071286732353352
4;56;51;0.11698374387359327
4;56;56;0.116027694675562
4;56;21;0.11561238210270804
4;56;46;0.11657250366666308
4;56;101;0.1182701131333723
4;56;31;0.11755068540870421
4;56;81;0.11504205989645365
4;56;41;0.11859571148140259
4;56;66;0.11608144315285737
4;56;71;0.11632681904688971
4;56;86;0.12077345517987272
4;56;91;0.1150727651536133
4;56;96;0.11833521003363372
4;56;1;0.11244520407652818
4;56;16;0.11638888485772232
4;56;26;0.11565922407564172
4;56;36;0.11745160046897586
4;56;61;0.1172759180280773
4;56;76;0.1181459070848738
4;56;6;0.11572137519437162
4;56;11;0.117257109105516
4;31;36;0.12105223347876974
4;31;46;0.11983215879850792
4;31;66;0.12100237209516812
4;31;76;0.1217946165114136
4;31;26;0.12064372946078634
4;31;11;0.11806548602347722
4;31;21;0.11995087812708678
4;31;31;0.11992288345909913
4;31;51;0.12118686968646089
4;31;56;0.12106784142131333
4;31;81;0.1196751863302642
4;31;96;0.12003875190489255
4;31;6;0.11962355435720069
4;31;71;0.12444031862738422
4;31;86;0.12360777584759401
4;31;41;0.12056994055704566
4;31;16;0.12198090113108577
4;31;61;0.12174304756433967
4;31;91;0.12084526849968194
4;31;101;0.1214397934799499
4;31;1;0.12076786352510024
4;46;41;0.11710483548704631
4;46;51;0.11721308759139219
4;46;61;0.11676733825515243
4;46;71;0.11809849390515388
4;46;1;0.11257623211291583
4;46;11;0.11988422223104725
4;46;16;0.11854875504187126
4;46;26;0.11845547359966148
4;46;31;0.12080178344709187
4;46;101;0.11967358461527165
4;46;66;0.1167980961756957
4;46;76;0.11903289294459637
4;46;6;0.11745092553062074
4;46;21;0.12120311318731547
4;46;36;0.12158789700405523
4;46;46;0.12157257421335108
4;46;96;0.11921393060096873
4;46;56;0.11979916959107398
4;46;81;0.11782060105482954
4;46;86;0.11900405610581864
4;46;91;0.11872352852206557
4;51;11;0.11805083326067575
4;51;26;0.11714530135062766
4;51;51;0.1166578144468244
4;51;91;0.1192083703208313
4;51;81;0.12000362040294789
4;51;101;0.11765104870843018
4;51;6;0.11909231880479056
4;51;16;0.11783645272839792
4;51;41;0.1166027018622474
4;51;56;0.11638536394968456
4;51;71;0.11982598065100214
4;51;76;0.11756231630862299
4;51;1;0.11333102891360172
4;51;21;0.11688511446158213
4;51;31;0.11956513640071437
4;51;46;0.11422675927047021
4;51;61;0.11689914578135684
4;51;66;0.12028874580023646
4;51;36;0.11985346729608162
4;51;86;0.11945135071622659
4;51;96;0.11829809062621234
4;66;6;0.11588176007414171
4;66;11;0.11548438040206145
4;66;36;0.11747768300949331
4;66;56;0.1154673802000888
4;66;61;0.1175585519956759
4;66;86;0.11698660452627002
4;66;21;0.1158516510861224
4;66;31;0.11597800797107584
4;66;51;0.11517504693231423
4;66;66;0.11586585212150442
4;66;71;0.11500719035885364
4;66;81;0.11817275206868269
4;66;1;0.11451708349386021
4;66;41;0.11773419722316916
4;66;46;0.11801486596063473
4;66;91;0.11819211915072703
4;66;96;0.11701768142940086
4;66;16;0.11414066886101193
4;66;26;0.11789861007359063
4;66;76;0.11367234673477061
4;66;101;0.11455732725504095
4;71;1;0.11500858339507614
4;71;6;0.11541927345690538
4;71;61;0.11428297926296889
4;71;71;0.11729637012261784
4;71;96;0.11550250108040334
4;71;11;0.11481127288790431
4;71;21;0.11549346098108927
4;71;31;0.11489419877131508
4;71;76;0.11606689579498079
4;71;91;0.11445422006992424
4;71;86;0.11443934516596625
4;71;16;0.11823602536096707
4;71;36;0.11627183235409151
4;71;41;0.11756698822551372
4;71;56;0.11899918248461842
4;71;66;0.11628571809729629
4;71;26;0.11246836893781993
4;71;46;0.12053433334642057
4;71;51;0.11411723398206254
4;71;81;0.11440273731486719
4;71;101;0.11515860347368923
4;76;1;0.11263324007322392
4;76;6;0.11410869752387658
4;76;16;0.11733293429513243
4;76;26;0.11681321913248255
4;76;51;0.11759478303223643
4;76;76;0.11521171985673918
4;76;96;0.11361833009269694
4;76;11;0.11526232570431515
4;76;21;0.11503161949096492
4;76;61;0.11558319802468964
4;76;71;0.11912158403101643
4;76;91;0.11790710133506961
4;76;101;0.11564917758014973
4;76;31;0.11308939998700229
4;76;36;0.11392532018568277
4;76;41;0.11519091717742862
4;76;56;0.1176768452169967
4;76;66;0.11565269301312003
4;76;46;0.11743331879764943
4;76;81;0.1168519026519341
4;76;86;0.1179228193194631
4;81;1;0.1140163040881098
4;81;51;0.1133462876958142
4;81;71;0.11405392559408849
4;81;81;0.11258145230249345
4;81;91;0.11576154669348605
4;81;6;0.11416637685807748
4;81;16;0.11413839646158284
4;81;26;0.11449405474794261
4;81;31;0.11499963277949884
4;81;41;0.114387610915042
4;81;11;0.11425172711779544
4;81;36;0.11499498587618683
4;81;46;0.11617476710297013
4;81;56;0.11393251282907065
4;81;61;0.11603831597368179
4;81;76;0.11358338938171682
4;81;86;0.1158926434923697
4;81;101;0.11761039261421015
4;81;21;0.11728250111240207
4;81;66;0.1142582195804372
4;81;96;0.11516490086774793
4;86;6;0.11334699411115201
4;86;11;0.11162360265024236
4;86;51;0.11458042239550795
4;86;56;0.11526799424883073
4;86;71;0.11707791457531419
4;86;91;0.11287398256831614
4;86;101;0.11453632906015171
4;86;31;0.11400893590864317
4;86;36;0.11658548162502827
4;86;46;0.11527590263517502
4;86;61;0.11508716983601137
4;86;86;0.1165079441940417
4;86;96;0.11378137537860987
4;86;1;0.11274785829383055
4;86;16;0.1155296847785448
4;86;21;0.11624253358680185
4;86;81;0.11779907051137664
4;86;26;0.11240137208918391
4;86;41;0.11652837996438954
4;86;66;0.11511840026570483
4;86;76;0.11546280599367924
4;1;61;0.23251523806905208
4;1;71;0.23792727401077912
4;1;16;0.23102962136391866
4;1;21;0.23209373288396606
4;1;46;0.23705700149884437
4;1;51;0.23751479279944546
4;1;81;0.2348605754586906
4;1;91;0.23296079467597894
4;1;6;0.2231300278780186
4;1;31;0.23490382057615616
4;1;41;0.23448143204454774
4;1;66;0.23526289679236786
4;1;96;0.23199492760834578
4;1;101;0.23557718760731025
4;1;1;0.20239261750057824
4;1;26;0.23663985347321043
4;1;56;0.23896665399425862
4;1;86;0.23820534487743253
4;1;11;0.22974858843689236
4;1;36;0.23598020475173656
4;1;76;0.2365576681624322
1;6;61;0.4974310798114074
1;6;96;0.5028368268344559
1;6;91;0.4988202470109791
1;6;6;0.5010810391046763
1;6;16;0.4971214385301838
1;6;36;0.49772169443360487
1;6;41;0.5028771798615392
1;6;46;0.5006540179263402
1;6;81;0.5033033858321126
1;6;101;0.4998410001251441
1;6;1;0.4988109930740671
1;6;21;0.5029014796817434
1;6;31;0.5009564827161064
1;6;56;0.4988183514830621
1;6;66;0.49996063564225923
1;6;71;0.5001734485737565
1;6;11;0.49990444038263054
1;6;26;0.5017232739964389
1;6;51;0.5012539218487561
1;6;76;0.4985716811516457
1;6;86;0.5010197267630122
1;11;41;0.5017431584966011
1;11;56;0.5006467322479214
1;11;71;0.49641125099832994
1;11;81;0.5001487970526527
1;11;1;0.5009166137004831
1;11;16;0.5040073273266549
1;11;26;0.4976815644669672
1;11;36;0.4997335419660821
1;11;91;0.5010015131235376
1;11;96;0.5022209332245474
1;11;51;0.5007563412960611
1;11;61;0.4993036821744353
1;11;101;0.498863346946485
1;11;11;0.4994754765790053
1;11;46;0.4995311292249399
1;11;66;0.5006040641338318
1;11;76;0.4987548830737125
1;11;6;0.5000732387732161
1;11;21;0.4975692784971221
1;11;31;0.5017352125840874
1;11;86;0.5008185314055035
1;21;1;0.5016006383400725
1;21;31;0.5034429084525186
1;21;36;0.49849046957894855
1;21;61;0.4993549429100028
1;21;91;0.5017825939480696
1;21;26;0.5021152612166754
1;21;66;0.4976911769426069
1;21;76;0.5021812150225639
1;21;81;0.49875725806888954
1;21;101;0.49977539860983555
1;21;56;0.5013234598226809
1;21;71;0.501338474884536
1;21;96;0.5010868875840581
1;21;6;0.4982168724349062
1;21;11;0.49974319225794156
1;21;16;0.4964872946199703
1;21;46;0.4992059828125825
1;21;51;0.5012234818318736
1;21;21;0.49918178667839247
1;21;41;0.504599875033712
1;21;86;0.4974508174679878
1;51;16;0.4975769402213428
1;51;36;0.5001258091106395
1;51;71;0.4987595221934617
1;51;6;0.5022075186569972
1;51;91;0.5001272056730138
1;51;96;0.5007348999309722
1;51;51;0.5012159750020887
1;51;41;0.5032623575781949
1;51;61;0.5021186781855203
1;51;66;0.5002432594076589
1;51;76;0.49913135222124455
1;51;81;0.49740210629827025
1;51;86;0.500527728078218
1;51;31;0.5015289055982836
1;51;11;0.49826290561147674
1;51;21;0.5008227582649097
1;51;26;0.4975304901370846
1;51;46;0.5011175425107747
1;51;56;0.500617716860613
1;51;101;0.5004559013219572
1;51;1;0.5012540513557328
1;76;76;0.5029539681279522
1;76;1;0.5010716801848119
1;76;21;0.4976829101607909
1;76;66;0.4996992519409922
1;76;81;0.5039558852823995
1;76;86;0.5008740455292537
1;76;96;0.4995154699509736
1;76;46;0.499527614353878
1;76;61;0.498429388694709
1;76;71;0.4980408957751764
1;76;6;0.5017936160214427
1;76;31;0.49856441207473545
1;76;51;0.4987385691677982
1;76;36;0.50320339654144
1;76;41;0.5027525382984627
1;76;56;0.4991613392637898
1;76;91;0.502107020628743
1;76;101;0.5000442556304943
1;76;11;0.49689463452607957
1;76;16;0.5035531197807523
1;76;26;0.4976814800116128
1;101;1;0.5020262696861244
1;101;21;0.5024572164088977
1;101;76;0.5012639294308545
1;101;41;0.5003370685965255
1;101;66;0.5019189849078685
1;101;71;0.5008116887217657
1;101;6;0.5003070002594601
1;101;11;0.5000381810182661
1;101;31;0.5005941084347488
1;101;51;0.5033897454985372
1;101;56;0.4959326274569702
1;101;61;0.5022403750234251
1;101;81;0.49828283468577184
1;101;86;0.5041995815701384
1;101;16;0.4996084365364906
1;101;26;0.5027411321716558
1;101;36;0.4993241670698694
1;101;91;0.5010839492920292
1;101;96;0.5035068063933658
1;101;101;0.49844080608713726
1;101;46;0.4983055476768414
1;1;41;0.4967368619379966
1;1;51;0.4982388070335819
1;1;71;0.5035937517402843
1;1;81;0.49802312460106957
1;1;86;0.5006787246056786
1;1;11;0.5001888715058092
1;1;26;0.4987385066340452
1;1;61;0.502506804761605
1;1;66;0.4991423608899377
1;1;1;0.49802233314853317
1;1;46;0.4962295691997715
1;1;31;0.4973637707750485
1;1;36;0.5018186493441428
1;1;76;0.49878242767741315
1;1;91;0.5005836014884744
1;1;101;0.5001810385926049
1;1;6;0.4983501760837268
1;1;16;0.5021073826991218
1;1;96;0.5018810850075752
1;1;21;0.5018315784726207
1;1;56;0.49834964138160376
1;16;1;0.5043669134477543
1;16;11;0.500261008211586
1;16;16;0.5038450943247508
1;16;31;0.4996613231462125
1;16;76;0.5010383569651318
1;16;86;0.5020873972326884
1;16;91;0.5004410637590123
1;16;101;0.49805705659518934
1;16;46;0.49875186572288804
1;16;51;0.5004780553782409
1;16;56;0.5013528977497989
1;16;71;0.4989468339996094
1;16;21;0.5020874743503903
1;16;26;0.49773130562258333
1;16;61;0.5000962799616967
1;16;81;0.5010212155916086
1;16;6;0.4980442734555434
1;16;36;0.49986312339722355
1;16;41;0.4964570166207118
1;16;66;0.505564372123732
1;16;96;0.49983173635356026
1;26;56;0.5000787135570949
1;26;66;0.5002293871026738
1;26;96;0.49907026932188225
1;26;1;0.5042035590898769
1;26;6;0.5000114888445328
1;26;46;0.49877661857487476
1;26;71;0.5017707456036937
1;26;101;0.5015301283100368
1;26;36;0.5001583672985013
1;26;41;0.49986232838523803
1;26;51;0.501662307737535
1;26;81;0.5019430289788804
1;26;86;0.503014891576644
1;26;16;0.5013449254906034
1;26;61;0.5023095806520035
1;26;76;0.501313678005268
1;26;31;0.5030415569353676
1;26;91;0.5004850305708607
1;26;11;0.49989094296734593
1;26;21;0.4989605217092193
1;26;26;0.5002101222856892
1;36;66;0.500951768916041
1;36;91;0.4987552991664503
1;36;1;0.5052623660355801
1;36;6;0.5003962328692475
1;36;11;0.4970162354206191
1;36;16;0.49945846170672886
1;36;41;0.49977969244939324
1;36;76;0.49856743010465776
1;36;56;0.5003633166520657
1;36;81;0.5005841441274687
1;36;86;0.5027088733153949
1;36;21;0.4967270572186563
1;36;26;0.49933765481886677
1;36;46;0.5004283702029478
1;36;61;0.5023878404423803
1;36;71;0.49913853158795135
1;36;96;0.5012142810717601
1;36;101;0.5009631024487491
1;36;31;0.49772429249104777
1;36;36;0.4989712129758225
1;36;51;0.501520464124899
1;81;16;0.5021974555830648
1;81;41;0.5005394473853504
1;81;51;0.5036167632058187
1;81;66;0.5033093261155568
1;81;71;0.4999504030359677
1;81;86;0.4944554630365583
1;81;91;0.5015261666276796
1;81;1;0.5017820618020385
1;81;31;0.4975565087529243
1;81;61;0.49765554730330325
1;81;81;0.5008213820166332
1;81;21;0.5005197021280022
1;81;26;0.5015782283461069
1;81;56;0.49760250189034594
1;81;96;0.4992606801249501
1;81;101;0.5006548908917858
1;81;11;0.4992934829669542
1;81;36;0.5019322370309875
1;81;46;0.4980600644471862
1;81;76;0.5002542463444781
1;81;6;0.49938758360743024
1;96;51;0.500808863247767
1;96;86;0.5007295880991126
1;96;1;0.5039431695364965
1;96;6;0.5017048420693984
1;96;46;0.4984222458144545
1;96;91;0.4994311939369889
1;96;16;0.4994171663156042
1;96;36;0.49903021594351976
1;96;76;0.49547624279389696
1;96;71;0.4979558408568876
1;96;96;0.4996133108178941
1;96;11;0.49852850684414485
1;96;41;0.49550227088331433
1;96;61;0.5028793215422537
1;96;56;0.4997494273006831
1;96;66;0.4999086083052953
1;96;81;0.4990084849366654
1;96;101;0.49865969883205497
1;96;21;0.500607734949371
1;96;26;0.5003202073066844
1;96;31;0.49832333298758263
1;31;21;0.5025267171376613
1;31;36;0.4992121486161702
1;31;56;0.5018351800191373
1;31;76;0.502104839261006
1;31;96;0.500036579539354
1;31;16;0.5016588307137905
1;31;41;0.5033793224085917
1;31;46;0.49905217943220953
1;31;86;0.5015327521934335
1;31;91;0.5000725335799981
1;31;101;0.49995247593666364
1;31;1;0.4980592133836473
1;31;26;0.49956937639099214
1;31;61;0.4995949486375063
1;31;66;0.49891394244412407
1;31;71;0.5005489275524981
1;31;81;0.5013521665311758
1;31;6;0.5039534896416755
1;31;11;0.5026225428914819
1;31;31;0.5023271857367455
1;31;51;0.4985623219584973
1;41;36;0.5019085597130516
1;41;46;0.49606013613798433
1;41;71;0.5003514205458861
1;41;1;0.5021194860044633
1;41;31;0.5020926086270503
1;41;21;0.4999013772469014
1;41;41;0.4995455902025525
1;41;51;0.4996909998098485
1;41;56;0.49880800627037797
1;41;91;0.5007749345151447
1;41;96;0.4983159826919326
1;41;6;0.49830199842382805
1;41;16;0.5002530035822415
1;41;86;0.4992419862859147
1;41;101;0.5005783356018476
1;41;61;0.500981522695684
1;41;66;0.4998871655916665
1;41;76;0.49760119635222805
1;41;81;0.501204607839459
1;41;11;0.4944381082559774
1;41;26;0.49884628903680533
1;46;21;0.5018161957591224
1;46;26;0.49970806191250916
1;46;46;0.49928090271808845
1;46;51;0.5009039680876134
1;46;61;0.5012610934599154
1;46;71;0.4968607616523954
1;46;31;0.49829140906613534
1;46;36;0.5003073956903363
1;46;41;0.4988121203917553
1;46;76;0.5014680948594527
1;46;101;0.5016206356604461
1;46;11;0.4998636928323045
1;46;16;0.5014676604061318
1;46;66;0.49834234626957963
1;46;1;0.49610391731393116
1;46;6;0.5006219820734296
1;46;56;0.5002552731673939
1;46;81;0.5012289304550317
1;46;86;0.500462374322804
1;46;91;0.49900864524618005
1;46;96;0.49844523394783097
1;91;51;0.5006030668147418
1;91;71;0.5002142374975383
1;91;86;0.49629341312315484
1;91;26;0.5023468468862747
1;91;36;0.4987428731311532
1;91;46;0.4994306614875566
1;91;96;0.5012082884756813
1;91;16;0.4990005747608729
1;91;41;0.5008560186809732
1;91;31;0.49983958573870824
1;91;61;0.4994158582697596
1;91;66;0.5002231376699029
1;91;76;0.498562681380661
1;91;81;0.4993849589332814
1;91;101;0.5007020163319593
1;91;6;0.5003373559719366
1;91;21;0.5008286955751017
1;91;56;0.5022555027431993
1;91;91;0.4994803516697426
1;91;1;0.49811934391467994
1;91;11;0.5011860434070994
1;56;21;0.5003905549792288
1;56;31;0.49968281867430797
1;56;61;0.50197637913958
1;56;66;0.4984206471915133
1;56;1;0.5023885230876154
1;56;36;0.4980333564519543
1;56;41;0.49912504655631734
1;56;76;0.4968970967521524
1;56;81;0.49957043278036095
1;56;6;0.5023704111385056
1;56;16;0.4979024296004294
1;56;26;0.5015230789126132
1;56;51;0.5003853929019852
1;56;91;0.5005260702803996
1;56;96;0.5023174434669924
1;56;11;0.5009780915003
1;56;56;0.49951435329903354
1;56;71;0.49921910942932934
1;56;86;0.5039782383175793
1;56;101;0.5031076323682373
1;56;46;0.501732704990514
1;61;81;0.4989965835215374
1;61;21;0.5031263443140013
1;61;26;0.4979049389712768
1;61;51;0.49852565248997277
1;61;66;0.49862916204079244
1;61;6;0.49700390527203764
1;61;16;0.5017882583373638
1;61;41;0.5024206996676948
1;61;91;0.5039192873681747
1;61;61;0.5000153081261394
1;61;71;0.5001457247980216
1;61;86;0.5025464887396318
1;61;1;0.4971489810443023
1;61;36;0.49975145308496255
1;61;46;0.5001521585968802
1;61;56;0.4971738591918441
1;61;101;0.49967211850092064
1;61;11;0.5006799596426841
1;61;31;0.5001325463427793
1;61;76;0.5022809640974261
1;61;96;0.49794548315040027
1;66;71;0.4970232577649591
1;66;76;0.4985162264314192
1;66;91;0.49754175230026815
1;66;16;0.5000663146225928
1;66;46;0.499077608267419
1;66;56;0.4986787778307158
1;66;61;0.49682259910673543
1;66;86;0.4993923834182582
1;66;1;0.5022938787688452
1;66;6;0.4989082212058751
1;66;11;0.5013239009680629
1;66;41;0.5023326396065384
1;66;101;0.5000572801102021
1;66;21;0.4987308559622281
1;66;36;0.498890905250477
1;66;81;0.4997252237265532
1;66;96;0.49879396002222565
1;66;26;0.49941253651069795
1;66;31;0.5002467135767157
1;66;51;0.4977808374531538
1;66;66;0.49849692201024437
1;71;41;0.4999464685421543
1;71;51;0.49722522750319004
1;71;76;0.4996379368757084
1;71;96;0.4991060747168803
1;71;1;0.49969910117380867
1;71;6;0.4990182147151081
1;71;16;0.5022527415791632
1;71;26;0.5011966832858301
1;71;11;0.5005283987629143
1;71;46;0.496881561190834
1;71;81;0.5009530023899553
1;71;91;0.4977552635126609
1;71;101;0.49929626638465335
1;71;21;0.49986938473015663
1;71;66;0.5003019990298423
1;71;71;0.4987954913591917
1;71;86;0.5001659636488954
1;71;31;0.496475698983246
1;71;36;0.5002444764403485
1;71;56;0.49887496063834263
1;71;61;0.5001147032513572
1;86;61;0.4981464079124913
1;86;66;0.5006115465268454
1;86;91;0.49967949125585553
1;86;101;0.49734371635032243
1;86;16;0.501342468987295
1;86;6;0.4947174122311515
1;86;21;0.5023266481964599
1;86;41;0.5041385725265957
1;86;71;0.49922244067776683
1;86;81;0.5003032849570377
1;86;86;0.49897657115079347
1;86;1;0.5000590247614654
1;86;76;0.5029803571830342
1;86;26;0.4989764019468777
1;86;31;0.5004945280684162
1;86;36;0.5010982999014797
1;86;46;0.4993274116551979
1;86;51;0.5012722714445452
1;86;56;0.49733589619597246
1;86;96;0.5044550645794774
1;86;11;0.49909244339228215
