Fractal MAIS Depth [-];Application Number in Fractal MAIS [-];Maximum Number of Instances Deployed by Application [-];Time [ns]
1;46;76;1.22988
1;46;81;1.25284
1;46;96;1.1914
1;46;16;1.23276
1;46;31;1.23584
1;46;36;1.2292
1;46;41;1.24508
1;46;1;1.2392
1;46;6;1.24044
1;46;21;1.23852
1;46;51;1.23724
1;46;86;1.26612
1;46;91;1.22304
1;46;26;1.226
1;46;61;1.25336
1;46;66;1.22804
1;46;71;1.20248
1;46;11;1.23552
1;46;46;1.24272
1;46;56;1.23512
1;46;101;1.23072
1;76;21;1.36616
1;76;86;1.3638
1;76;91;1.34136
1;76;31;1.32836
1;76;56;1.3744
1;76;71;1.33372
1;76;101;1.31492
1;76;11;1.34824
1;76;16;1.36796
1;76;26;1.38444
1;76;66;1.35544
1;76;76;1.34252
1;76;81;1.38168
1;76;61;1.31932
1;76;96;1.35272
1;76;1;1.34836
1;76;6;1.35364
1;76;36;1.33432
1;76;41;1.35596
1;76;46;1.38644
1;76;51;1.35972
1;86;11;1.394
1;86;31;1.40548
1;86;56;1.40024
1;86;91;1.41064
1;86;16;1.38872
1;86;36;1.35492
1;86;66;1.41464
1;86;26;1.46904
1;86;61;1.41024
1;86;81;1.40244
1;86;101;1.40384
1;86;1;1.42692
1;86;6;1.40932
1;86;21;1.39088
1;86;71;1.3876
1;86;76;1.408
1;86;86;1.40244
1;86;96;1.4312
1;86;41;1.37524
1;86;46;1.43964
1;86;51;1.38804
1;96;1;1.43768
1;96;11;1.46512
1;96;16;1.48484
1;96;71;1.4728
1;96;101;1.4268
1;96;21;1.41752
1;96;36;1.41384
1;96;41;1.46172
1;96;66;1.46828
1;96;91;1.47096
1;96;96;1.52552
1;96;6;1.4622
1;96;26;1.43208
1;96;81;1.43816
1;96;31;1.47388
1;96;46;1.47488
1;96;51;1.44484
1;96;56;1.4666
1;96;61;1.43008
1;96;76;1.46124
1;96;86;1.46084
1;16;16;1.10364
1;16;41;1.0648
1;16;51;1.13988
1;16;61;1.0806
1;16;71;1.12912
1;16;101;1.03072
1;16;21;1.13332
1;16;46;1.13216
1;16;96;1.08752
1;16;6;1.084
1;16;31;1.10352
1;16;56;1.11176
1;16;76;1.11156
1;16;81;1.11612
1;16;91;1.13228
1;16;1;1.12336
1;16;11;1.10712
1;16;26;1.10992
1;16;36;1.1224
1;16;66;1.05696
1;16;86;1.094
1;26;96;1.16548
1;26;1;1.13196
1;26;16;1.25492
1;26;36;1.17868
1;26;41;1.18684
1;26;56;1.21092
1;26;91;1.13404
1;26;11;1.17444
1;26;61;1.15732
1;26;66;1.17716
1;26;101;1.17512
1;26;86;1.19064
1;26;6;1.22232
1;26;21;1.1666
1;26;26;1.16068
1;26;71;1.17144
1;26;76;1.17428
1;26;81;1.14672
1;26;31;1.14604
1;26;46;1.18172
1;26;51;1.19836
1;51;91;1.23436
1;51;1;1.26692
1;51;36;1.2486
1;51;41;1.23032
1;51;66;1.25736
1;51;71;1.263
1;51;11;1.23048
1;51;16;1.25692
1;51;31;1.19376
1;51;101;1.24972
1;51;6;1.31208
1;51;21;1.27128
1;51;61;1.26232
1;51;81;1.20164
1;51;96;1.26752
1;51;86;1.24284
1;51;26;1.26252
1;51;46;1.2628
1;51;51;1.25928
1;51;56;1.2564
1;51;76;1.24156
1;66;36;1.3144
1;66;41;1.35464
1;66;66;1.34064
1;66;81;1.31264
1;66;6;1.34872
1;66;56;1.3136
1;66;61;1.30696
1;66;1;1.30532
1;66;21;1.32104
1;66;26;1.33128
1;66;46;1.33984
1;66;51;1.28976
1;66;76;1.3758
1;66;86;1.32064
1;66;96;1.2996
1;66;11;1.33076
1;66;101;1.35228
1;66;31;1.36216
1;66;71;1.34252
1;66;91;1.31228
1;66;16;1.32548
1;81;56;1.37408
1;81;76;1.40092
1;81;81;1.37632
1;81;101;1.36352
1;81;21;1.39008
1;81;26;1.3656
1;81;31;1.40288
1;81;86;1.38276
1;81;11;1.37192
1;81;16;1.37728
1;81;41;1.37908
1;81;51;1.40112
1;81;66;1.4078
1;81;71;1.37788
1;81;1;1.408
1;81;36;1.36848
1;81;46;1.39192
1;81;61;1.36732
1;81;91;1.37508
1;81;96;1.34308
1;81;6;1.35712
1;101;96;1.46808
1;101;81;1.43132
1;101;6;1.47264
1;101;11;1.5204
1;101;31;1.47656
1;101;41;1.4762
1;101;46;1.46832
1;101;86;1.45484
1;101;1;1.47388
1;101;56;1.47076
1;101;66;1.48116
1;101;21;1.46448
1;101;26;1.4614
1;101;36;1.50876
1;101;51;1.50732
1;101;61;1.4764
1;101;71;1.47664
1;101;76;1.49588
1;101;91;1.4718
1;101;16;1.50868
1;101;101;1.45944
1;6;26;0.86652
1;6;36;0.9056
1;6;56;0.72764
1;6;61;0.82168
1;6;91;0.913
1;6;101;0.9732
1;6;11;0.80032
1;6;41;1.03352
1;6;51;1.02468
1;6;1;1.01188
1;6;16;0.93964
1;6;21;1.0126
1;6;31;0.91248
1;6;66;0.66736
1;6;6;0.6788
1;6;46;0.95656
1;6;71;0.977
1;6;76;0.91864
1;6;81;0.89892
1;6;86;0.87988
1;6;96;0.99408
1;31;6;1.1702
1;31;11;1.20132
1;31;21;1.16628
1;31;26;1.1906
1;31;61;1.15924
1;31;91;1.22896
1;31;76;1.1998
1;31;16;1.16872
1;31;31;1.20156
1;31;36;1.18576
1;31;41;1.22184
1;31;51;1.21752
1;31;66;1.19116
1;31;71;1.2058
1;31;81;1.20008
1;31;1;1.17232
1;31;56;1.22032
1;31;86;1.18408
1;31;96;1.19656
1;31;46;1.19184
1;31;101;1.22592
1;56;76;1.2826
1;56;86;1.28528
1;56;96;1.31168
1;56;16;1.29568
1;56;31;1.32796
1;56;66;1.28408
1;56;71;1.28728
1;56;41;1.30148
1;56;61;1.27632
1;56;91;1.30712
1;56;11;1.34092
1;56;21;1.30716
1;56;26;1.27068
1;56;36;1.29628
1;56;46;1.31236
1;56;51;1.33568
1;56;101;1.29516
1;56;1;1.28192
1;56;6;1.289
1;56;56;1.29808
1;56;81;1.28748
1;71;66;1.33588
1;71;71;1.3474
1;71;86;1.346
1;71;21;1.29776
1;71;26;1.36884
1;71;46;1.33616
1;71;51;1.36036
1;71;61;1.35704
1;71;101;1.36088
1;71;11;1.36108
1;71;31;1.36972
1;71;81;1.40444
1;71;16;1.3582
1;71;36;1.3492
1;71;41;1.38208
1;71;91;1.3506
1;71;1;1.34084
1;71;6;1.36092
1;71;56;1.36668
1;71;76;1.3664
1;71;96;1.3316
1;91;41;1.40168
1;91;56;1.42596
1;91;71;1.39988
1;91;101;1.42396
1;91;6;1.4116
1;91;11;1.39468
1;91;26;1.43136
1;91;31;1.41736
1;91;46;1.39252
1;91;51;1.41052
1;91;61;1.45188
1;91;66;1.39992
1;91;76;1.39884
1;91;81;1.42708
1;91;91;1.36144
1;91;96;1.4336
1;91;86;1.39564
1;91;1;1.38244
1;91;16;1.42036
1;91;21;1.40144
1;91;36;1.42772
1;21;6;1.15668
1;21;36;1.13212
1;21;21;1.14456
1;21;41;1.137
1;21;51;1.1174
1;21;56;1.13576
1;21;61;1.12196
1;21;1;1.04592
1;21;11;1.12732
1;21;16;1.11076
1;21;96;1.15212
1;21;71;1.07176
1;21;76;1.12688
1;21;81;1.1474
1;21;66;1.0732
1;21;86;1.10788
1;21;101;1.12508
1;21;26;1.1326
1;21;31;1.1418
1;21;46;1.12836
1;21;91;1.0694
1;36;71;1.2082
1;36;76;1.21668
1;36;91;1.2116
1;36;96;1.19648
1;36;11;1.22612
1;36;26;1.18688
1;36;61;1.18752
1;36;56;1.2146
1;36;101;1.21984
1;36;31;1.17532
1;36;41;1.23616
1;36;46;1.17704
1;36;51;1.17528
1;36;81;1.1514
1;36;86;1.17664
1;36;6;1.19016
1;36;16;1.21836
1;36;21;1.20648
1;36;1;1.19896
1;36;36;1.18624
1;36;66;1.16428
1;41;16;1.26076
1;41;56;1.24004
1;41;61;1.23936
1;41;66;1.21128
1;41;11;1.23836
1;41;41;1.22144
1;41;31;1.21052
1;41;76;1.23204
1;41;96;1.21932
1;41;101;1.18828
1;41;1;1.23316
1;41;26;1.20556
1;41;36;1.283
1;41;46;1.21828
1;41;51;1.2356
1;41;71;1.19692
1;41;81;1.215
1;41;86;1.2002
1;41;6;1.25
1;41;21;1.27208
1;41;91;1.2164
1;61;21;1.33668
1;61;26;1.30368
1;61;31;1.34604
1;61;41;1.2946
1;61;46;1.30384
1;61;61;1.33368
1;61;1;1.31808
1;61;6;1.37748
1;61;76;1.31628
1;61;81;1.31532
1;61;56;1.32212
1;61;96;1.31796
1;61;11;1.32264
1;61;51;1.31948
1;61;66;1.31236
1;61;101;1.3462
1;61;16;1.31384
1;61;36;1.35364
1;61;91;1.31112
1;61;71;1.30724
1;61;86;1.33076
1;1;66;0.8
1;1;71;0.93212
1;1;81;0.91708
1;1;101;0.8194
1;1;11;0.69592
1;1;21;0.63152
1;1;26;0.6724
1;1;41;0.91912
1;1;51;0.92348
1;1;96;0.65248
1;1;1;0.05404
1;1;6;0.56616
1;1;36;0.84076
1;1;46;0.94492
1;1;31;0.32336
1;1;61;0.83016
1;1;91;0.679
1;1;16;0.95704
1;1;56;0.74036
1;1;76;0.57684
1;1;86;0.42844
1;11;81;1.06848
1;11;86;1.09572
1;11;16;1.0482
1;11;31;1.02388
1;11;36;0.94344
1;11;41;0.99048
1;11;61;1.0584
1;11;66;0.97624
1;11;91;0.99708
1;11;96;1.09312
1;11;101;0.90616
1;11;6;0.99208
1;11;21;1.06552
1;11;26;1.0322
1;11;56;0.95528
1;11;71;1.00088
1;11;1;0.97452
1;11;11;1.01472
1;11;46;1.04396
1;11;51;1.08736
1;11;76;1.03604
2;31;46;58.34956
2;31;66;84.208
2;31;81;104.39128
2;31;96;127.222
2;31;101;124.64076
2;31;1;6.7314
2;31;6;11.7734
2;31;36;48.21316
2;31;41;54.96768
2;31;56;70.96388
2;31;71;92.88832
2;31;76;94.74188
2;31;91;116.29152
2;31;11;18.0588
2;31;16;23.32568
2;31;26;35.4922
2;31;21;30.29736
2;31;86;107.7418
2;31;31;41.88384
2;31;51;67.69004
2;31;61;77.36284
2;36;71;88.85672
2;36;86;112.3388
2;36;1;6.66676
2;36;6;12.14192
2;36;46;61.4006
2;36;91;115.86984
2;36;96;120.52672
2;36;101;130.49144
2;36;11;17.744
2;36;21;30.16272
2;36;76;98.7196
2;36;51;68.27948
2;36;66;82.60648
2;36;81;103.59176
2;36;36;47.66268
2;36;41;53.38744
2;36;56;74.5628
2;36;61;79.62788
2;36;16;24.52504
2;36;26;36.90988
2;36;31;43.2982
2;81;41;59.90092
2;81;61;85.52304
2;81;86;117.7698
2;81;96;135.6112
2;81;101;145.84748
2;81;1;7.93008
2;81;11;20.03024
2;81;26;39.7922
2;81;6;13.13068
2;81;36;54.05384
2;81;56;79.57188
2;81;46;67.1154
2;81;51;74.3774
2;81;71;100.64416
2;81;76;108.73328
2;81;81;113.5662
2;81;16;25.89732
2;81;21;32.43728
2;81;31;46.51496
2;81;91;129.15596
2;81;66;94.153
2;91;11;20.18148
2;91;81;115.92936
2;91;86;121.0632
2;91;21;32.9418
2;91;31;46.79056
2;91;36;54.35188
2;91;56;80.1124
2;91;66;94.8232
2;91;101;145.91456
2;91;1;8.18048
2;91;46;68.40872
2;91;51;73.26948
2;91;71;101.34316
2;91;76;107.12164
2;91;6;13.44452
2;91;16;27.29696
2;91;26;40.27928
2;91;41;61.08936
2;91;61;87.41148
2;91;91;131.97108
2;91;96;136.28712
2;96;31;46.96904
2;96;46;68.13788
2;96;71;102.32248
2;96;81;116.10244
2;96;1;8.23448
2;96;6;13.45008
2;96;21;34.18
2;96;26;40.60272
2;96;56;83.1268
2;96;66;96.9676
2;96;86;121.60456
2;96;101;147.07256
2;96;61;90.42864
2;96;91;133.0862
2;96;96;137.41184
2;96;11;20.7144
2;96;36;54.94908
2;96;41;61.57344
2;96;51;76.31152
2;96;16;26.90864
2;96;76;110.37696
2;1;66;49.7002
2;1;71;55.1916
2;1;76;60.86732
2;1;86;71.39732
2;1;6;6.34976
2;1;51;38.91944
2;1;61;52.0022
2;1;81;65.67832
2;1;11;9.68984
2;1;16;15.48932
2;1;26;21.1884
2;1;91;72.89132
2;1;31;25.09196
2;1;46;36.83692
2;1;56;45.35924
2;1;41;33.68676
2;1;96;81.38896
2;1;101;86.69784
2;1;1;3.94776
2;1;21;18.06136
2;1;36;30.382
2;16;91;110.59052
2;16;96;113.65444
2;16;101;119.13392
2;16;11;16.23804
2;16;46;55.18676
2;16;56;69.39616
2;16;61;76.267
2;16;86;103.08556
2;16;21;27.16012
2;16;26;33.98084
2;16;36;43.89232
2;16;41;51.60408
2;16;6;10.3732
2;16;16;22.68932
2;16;31;39.49024
2;16;66;78.05648
2;16;76;90.16268
2;16;1;6.26472
2;16;51;61.80696
2;16;71;86.31684
2;16;81;101.31008
2;21;11;17.27616
2;21;41;50.7126
2;21;56;68.51416
2;21;91;117.69512
2;21;26;35.28024
2;21;31;41.0774
2;21;36;45.14704
2;21;61;74.1666
2;21;96;113.53028
2;21;1;6.3224
2;21;16;22.82756
2;21;46;56.97636
2;21;66;82.06812
2;21;71;88.816
2;21;76;96.72084
2;21;86;102.7314
2;21;6;11.31148
2;21;21;29.22136
2;21;51;64.2158
2;21;81;102.90996
2;21;101;125.38076
2;26;16;23.1018
2;26;26;36.82772
2;26;31;41.03744
2;26;56;71.20124
2;26;76;97.50712
2;26;81;98.62584
2;26;91;114.58248
2;26;1;6.5206
2;26;11;17.55896
2;26;41;53.38964
2;26;96;119.37472
2;26;6;11.63468
2;26;46;59.95468
2;26;61;78.10028
2;26;66;82.85396
2;26;21;28.18084
2;26;51;63.47024
2;26;71;88.6808
2;26;86;107.51824
2;26;101;125.52444
2;26;36;47.74092
2;86;71;101.45876
2;86;91;129.52528
2;86;6;13.48744
2;86;26;40.21012
2;86;46;66.446
2;86;51;74.33384
2;86;56;82.36108
2;86;66;94.82724
2;86;86;122.73676
2;86;16;26.70036
2;86;36;53.57692
2;86;21;33.69292
2;86;61;88.65912
2;86;31;47.54948
2;86;41;60.9536
2;86;76;109.01384
2;86;81;114.70432
2;86;96;136.65856
2;86;101;143.85664
2;86;1;7.94796
2;86;11;20.07752
2;101;11;20.32236
2;101;16;27.582
2;101;26;40.46836
2;101;41;62.0484
2;101;101;146.35588
2;101;31;47.84676
2;101;36;55.11552
2;101;46;69.63772
2;101;51;74.57944
2;101;86;124.9998
2;101;96;139.90924
2;101;66;94.7748
2;101;76;109.50088
2;101;91;133.00528
2;101;1;8.58048
2;101;6;14.1378
2;101;21;34.50884
2;101;56;82.85528
2;101;61;90.14212
2;101;71;102.536
2;101;81;118.00832
2;61;101;140.39248
2;61;11;19.15476
2;61;16;25.50196
2;61;36;50.02772
2;61;61;84.86584
2;61;76;105.36908
2;61;81;111.83508
2;61;1;7.55404
2;61;21;32.12128
2;61;31;44.72232
2;61;46;65.21152
2;61;56;78.5896
2;61;71;99.27832
2;61;86;117.57296
2;61;91;123.63344
2;61;6;12.55348
2;61;26;37.33624
2;61;41;57.54484
2;61;51;71.60796
2;61;66;90.08748
2;61;96;133.51328
2;6;91;106.94464
2;6;96;114.28736
2;6;101;117.20632
2;6;1;5.48124
2;6;66;77.8824
2;6;71;81.75348
2;6;86;100.89644
2;6;6;9.4994
2;6;36;41.78284
2;6;56;65.37584
2;6;81;92.33132
2;6;51;55.89968
2;6;11;15.27956
2;6;16;20.60076
2;6;21;25.05904
2;6;41;46.60828
2;6;76;89.00492
2;6;26;29.97464
2;6;31;34.80128
2;6;46;51.3322
2;6;61;68.16064
2;11;21;26.619
2;11;26;33.36348
2;11;36;42.47836
2;11;41;48.96904
2;11;51;61.17536
2;11;81;91.633
2;11;86;102.71868
2;11;1;5.9878
2;11;66;79.57376
2;11;76;87.75312
2;11;101;123.1456
2;11;6;10.38272
2;11;46;55.29692
2;11;71;83.8074
2;11;91;105.14036
2;11;16;22.17556
2;11;31;39.7778
2;11;56;69.98832
2;11;61;71.945
2;11;96;116.72796
2;11;11;15.9168
2;41;46;62.37124
2;41;61;81.04604
2;41;71;92.54804
2;41;101;127.61332
2;41;31;43.0276
2;41;36;48.86156
2;41;41;55.62656
2;41;76;103.06584
2;41;86;113.3454
2;41;16;24.08224
2;41;26;35.27964
2;41;56;75.08092
2;41;81;105.32876
2;41;96;121.21268
2;41;21;29.6834
2;41;51;68.13696
2;41;11;18.40768
2;41;66;88.50776
2;41;91;121.25444
2;41;1;7.06956
2;41;6;12.023
2;46;86;113.65112
2;46;71;94.6148
2;46;76;100.9246
2;46;41;54.92388
2;46;46;62.92852
2;46;56;73.33708
2;46;96;125.17308
2;46;101;135.04508
2;46;6;11.87304
2;46;36;50.67184
2;46;31;42.18468
2;46;51;67.96912
2;46;61;82.76296
2;46;81;110.6388
2;46;91;121.67504
2;46;11;18.5516
2;46;21;30.52936
2;46;26;37.12384
2;46;66;89.98852
2;46;1;7.11452
2;46;16;24.414
2;51;46;62.3188
2;51;61;82.1404
2;51;26;37.84332
2;51;31;42.48428
2;51;36;49.13224
2;51;41;56.24784
2;51;86;112.24556
2;51;91;123.29964
2;51;1;7.22048
2;51;51;69.49992
2;51;66;86.281
2;51;6;12.32872
2;51;11;17.80152
2;51;16;24.93408
2;51;21;31.39588
2;51;56;78.47616
2;51;71;94.86524
2;51;76;100.96444
2;51;81;107.84248
2;51;96;126.64872
2;51;101;132.26568
2;56;1;7.55624
2;56;11;18.9422
2;56;46;63.05956
2;56;56;76.10284
2;56;66;90.82208
2;56;101;135.11884
2;56;81;109.83172
2;56;6;12.86336
2;56;16;25.44192
2;56;21;31.81292
2;56;26;38.66736
2;56;41;57.5484
2;56;51;68.69236
2;56;61;83.22344
2;56;31;44.61084
2;56;36;51.94544
2;56;76;102.95192
2;56;91;122.37348
2;56;71;97.61552
2;56;86;117.18316
2;56;96;132.43164
2;66;71;99.09816
2;66;31;46.35624
2;66;46;65.10616
2;66;76;106.6952
2;66;86;120.0654
2;66;61;86.4422
2;66;66;92.3606
2;66;81;111.58408
2;66;1;7.52088
2;66;26;38.4398
2;66;36;51.40056
2;66;41;57.315
2;66;51;71.39732
2;66;91;124.57664
2;66;96;132.45944
2;66;101;138.83228
2;66;6;12.93488
2;66;11;19.357
2;66;16;25.7006
2;66;21;32.363
2;66;56;79.23
2;71;31;45.70108
2;71;36;52.47084
2;71;81;112.69472
2;71;101;140.32656
2;71;71;99.53632
2;71;96;131.95288
2;71;11;19.73892
2;71;26;38.42748
2;71;46;67.74288
2;71;61;84.71368
2;71;66;90.53548
2;71;76;106.26112
2;71;1;7.68268
2;71;16;25.69068
2;71;41;58.1352
2;71;56;78.6044
2;71;91;128.99388
2;71;6;13.04288
2;71;21;32.7772
2;71;51;71.1202
2;71;86;119.88852
2;76;11;19.82612
2;76;26;39.353
2;76;61;85.49816
2;76;101;138.89628
2;76;1;7.84296
2;76;6;13.05868
2;76;41;58.9532
2;76;56;80.51936
2;76;66;92.0316
2;76;76;106.77656
2;76;81;114.56968
2;76;86;121.43072
2;76;21;32.61472
2;76;31;46.81484
2;76;96;135.017
2;76;46;67.33324
2;76;71;100.81524
2;76;16;25.96864
2;76;36;52.13404
2;76;51;72.02908
2;76;91;127.78708
3;41;91;4082.05996
3;41;31;564.49488
3;41;36;916.40116
3;41;71;3193.73308
3;41;76;3408.41052
3;41;21;199.91188
3;41;41;1273.24076
3;41;46;1674.65888
3;41;56;2298.53932
3;41;1;9.05336
3;41;6;25.3456
3;41;11;62.05904
3;41;16;115.8982
3;41;81;3585.46172
3;41;86;3890.83728
3;41;101;4575.59848
3;41;66;2876.47724
3;41;96;4349.22128
3;41;26;311.90436
3;41;51;2012.85812
3;41;61;2566.39888
3;46;51;1954.08316
3;46;71;3201.02984
3;46;86;3901.71352
3;46;101;4507.16088
3;46;6;26.06064
3;46;11;61.82728
3;46;16;118.39976
3;46;31;557.5956
3;46;76;3453.63932
3;46;81;3679.5824
3;46;21;200.68884
3;46;41;1319.4856
3;46;46;1636.68416
3;46;56;2278.17348
3;46;91;4124.52332
3;46;96;4320.70488
3;46;1;9.4738
3;46;26;314.19264
3;46;36;939.00504
3;46;61;2596.68192
3;46;66;2876.31756
3;81;36;1022.29752
3;81;51;2034.04588
3;81;56;2353.99668
3;81;66;2984.54836
3;81;76;3531.13156
3;81;1;10.26656
3;81;11;68.25964
3;81;21;209.43424
3;81;86;4098.14188
3;81;31;590.55276
3;81;81;3799.8944
3;81;101;4729.5782
3;81;41;1344.6036
3;81;61;2702.78808
3;81;46;1700.73656
3;81;71;3310.08848
3;81;91;4232.60896
3;81;96;4480.97048
3;81;6;28.96608
3;81;16;126.65184
3;81;26;321.3642
3;101;91;4315.179
3;101;16;131.05216
3;101;81;3763.94748
3;101;41;1377.98156
3;101;56;2368.38228
3;101;66;3002.0466
3;101;86;4022.62676
3;101;96;4586.22752
3;101;11;69.2498
3;101;31;599.34768
3;101;36;984.93916
3;101;51;2089.40564
3;101;71;3223.59628
3;101;6;29.76188
3;101;21;216.64892
3;101;46;1728.15536
3;101;61;2658.67292
3;101;76;3576.7766
3;101;101;4785.03916
3;101;1;11.17652
3;101;26;340.78752
3;66;1;10.26292
3;66;6;27.78832
3;66;31;580.8786
3;66;81;3739.44596
3;66;101;4733.5242
3;66;16;120.02748
3;66;21;207.93092
3;66;26;330.67752
3;66;56;2360.30672
3;66;61;2621.80968
3;66;76;3474.59324
3;66;96;4461.40312
3;66;11;66.955
3;66;41;1340.00716
3;66;51;2064.60704
3;66;91;4200.12408
3;66;36;947.41196
3;66;46;1679.7008
3;66;66;2944.42028
3;66;71;3228.76276
3;66;86;3972.97676
3;76;51;2033.12308
3;76;81;3818.74868
3;76;91;4279.15808
3;76;16;125.64024
3;76;11;68.29416
3;76;36;970.0956
3;76;56;2365.73688
3;76;1;10.4326
3;76;26;330.69152
3;76;41;1326.39112
3;76;46;1732.81996
3;76;66;2973.83224
3;76;71;3330.40252
3;76;76;3542.85788
3;76;96;4444.0724
3;76;21;208.99116
3;76;31;594.1446
3;76;61;2739.98596
3;76;86;3955.06028
3;76;101;4772.9182
3;76;6;28.68756
3;16;16;106.89592
3;16;71;3044.82124
3;16;91;3987.53672
3;16;11;56.0678
3;16;26;301.18268
3;16;51;1877.47188
3;16;56;2152.64408
3;16;66;2801.18804
3;16;76;3331.84948
3;16;1;7.52056
3;16;31;544.34396
3;16;46;1559.08628
3;16;6;24.24504
3;16;21;190.1472
3;16;36;908.63672
3;16;41;1299.50004
3;16;61;2499.72064
3;16;81;3497.58608
3;16;86;3689.86412
3;16;96;4090.90528
3;16;101;4323.90872
3;21;11;57.12736
3;21;41;1227.79364
3;21;51;1916.15008
3;21;76;3286.09364
3;21;91;3936.272
3;21;96;4281.81056
3;21;101;4397.47456
3;21;46;1635.98084
3;21;81;3579.14072
3;21;86;3782.93444
3;21;1;8.0894
3;21;16;111.24816
3;21;21;183.51272
3;21;36;898.6852
3;21;61;2535.51648
3;21;66;2822.85468
3;21;71;3089.0692
3;21;6;23.33164
3;21;26;298.24636
3;21;31;552.06252
3;21;56;2261.91456
3;51;6;26.99868
3;51;16;119.78416
3;51;26;312.95164
3;51;36;953.71112
3;51;46;1662.03024
3;51;66;2919.45284
3;51;86;3932.21856
3;51;11;63.45636
3;51;41;1316.9706
3;51;61;2671.89984
3;51;71;3255.53016
3;51;101;4592.3676
3;51;1;9.46312
3;51;31;549.30928
3;51;76;3296.75088
3;51;81;3740.0754
3;51;21;196.33516
3;51;51;1993.04208
3;51;56;2342.93024
3;51;91;4092.39648
3;51;96;4340.75344
3;61;91;4277.62292
3;61;56;2401.78276
3;61;61;2701.88716
3;61;76;3483.4606
3;61;81;3738.01088
3;61;16;121.13196
3;61;26;329.16796
3;61;46;1693.70552
3;61;51;2088.95192
3;61;66;3015.94644
3;61;71;3234.75092
3;61;96;4353.64216
3;61;1;10.10272
3;61;6;27.1932
3;61;21;207.73924
3;61;31;583.16976
3;61;101;4567.67804
3;61;11;67.62884
3;61;36;961.6542
3;61;41;1337.22392
3;61;86;3985.84112
3;11;21;175.28084
3;11;66;2775.43932
3;11;76;3273.85712
3;11;86;3704.27768
3;11;96;4161.15864
3;11;11;54.62624
3;11;56;2221.8416
3;11;61;2458.94748
3;11;71;3148.35408
3;11;91;3921.59612
3;11;51;1860.29432
3;11;81;3572.87428
3;11;101;4288.6402
3;11;6;21.82708
3;11;16;98.86988
3;11;31;506.82956
3;11;36;882.38408
3;11;46;1620.2902
3;11;1;7.71816
3;11;26;287.68836
3;11;41;1258.06516
3;56;41;1357.38696
3;56;91;4089.01512
3;56;1;9.89392
3;56;26;330.06776
3;56;71;3160.05736
3;56;76;3507.02712
3;56;86;3865.37272
3;56;46;1718.12964
3;56;56;2380.3384
3;56;66;2926.55148
3;56;81;3797.77252
3;56;96;4434.58456
3;56;6;27.31464
3;56;31;577.54684
3;56;21;205.84352
3;56;36;915.75764
3;56;51;2005.55168
3;56;61;2682.05864
3;56;101;4594.7908
3;56;11;64.08708
3;56;16;121.63096
3;71;86;4062.695
3;71;71;3244.119
3;71;36;952.72448
3;71;46;1686.30104
3;71;56;2383.07232
3;71;66;2966.44296
3;71;76;3499.1936
3;71;81;3836.3592
3;71;16;124.89924
3;71;11;67.29176
3;71;21;208.94228
3;71;31;574.21208
3;71;51;2028.23444
3;71;96;4423.75168
3;71;1;10.468
3;71;26;323.10352
3;71;41;1346.19312
3;71;61;2724.282
3;71;91;4323.36272
3;71;101;4671.45424
3;71;6;28.31248
3;96;6;29.56116
3;96;26;340.97728
3;96;31;606.92892
3;96;51;2063.9346
3;96;56;2450.61372
3;96;81;3767.5086
3;96;101;4683.58168
3;96;1;10.87472
3;96;21;215.27632
3;96;36;979.1056
3;96;61;2749.46128
3;96;86;4029.80876
3;96;91;4255.21172
3;96;96;4553.01616
3;96;11;70.09472
3;96;46;1785.32156
3;96;66;3040.4292
3;96;71;3346.01172
3;96;41;1370.89744
3;96;76;3597.4962
3;96;16;125.55028
3;36;6;25.33884
3;36;46;1639.84752
3;36;76;3419.89344
3;36;66;2849.0984
3;36;91;4095.41736
3;36;1;8.97916
3;36;11;62.05208
3;36;21;194.00864
3;36;36;950.94876
3;36;41;1295.89488
3;36;51;1925.61952
3;36;101;4528.54276
3;36;26;302.7874
3;36;31;550.4638
3;36;81;3653.29004
3;36;86;3858.14664
3;36;16;113.92176
3;36;56;2246.16488
3;36;61;2591.89676
3;36;71;3079.11144
3;36;96;4278.45988
3;86;36;982.00732
3;86;51;2057.41648
3;86;56;2427.55524
3;86;91;4265.23736
3;86;6;28.91348
3;86;11;67.5026
3;86;31;593.06064
3;86;46;1740.47684
3;86;66;3000.58176
3;86;81;3809.17556
3;86;76;3618.10396
3;86;16;121.31896
3;86;21;211.28528
3;86;61;2717.12748
3;86;71;3268.6912
3;86;86;3962.95084
3;86;96;4483.92564
3;86;101;4712.6806
3;86;1;10.80152
3;86;26;333.82812
3;86;41;1350.5154
3;91;6;29.13592
3;91;26;338.17
3;91;41;1335.51424
3;91;56;2409.4012
3;91;61;2733.211
3;91;66;3034.42536
3;91;91;4251.64096
3;91;11;68.80336
3;91;31;606.71356
3;91;71;3251.14756
3;91;76;3662.40036
3;91;1;10.83892
3;91;21;217.18648
3;91;36;994.584
3;91;46;1703.36476
3;91;81;3788.4464
3;91;86;4093.05632
3;91;96;4537.47924
3;91;16;125.87916
3;91;51;2153.63512
3;91;101;4664.73308
3;1;66;2683.31456
3;1;21;162.41436
3;1;16;90.55124
3;1;86;3604.69032
3;1;1;4.921
3;1;31;503.3456
3;1;36;799.60472
3;1;41;1186.33284
3;1;46;1529.41908
3;1;51;1837.60888
3;1;56;2144.44144
3;1;61;2362.46256
3;1;6;15.4726
3;1;81;3387.3692
3;1;91;3826.43044
3;1;76;3200.75288
3;1;26;266.71956
3;1;71;2952.66756
3;1;96;4064.54288
3;1;101;4265.60376
3;1;11;38.3664
3;6;91;3874.08316
3;6;96;4108.39872
3;6;1;6.19608
3;6;6;22.16016
3;6;36;866.19588
3;6;66;2772.6474
3;6;46;1538.85856
3;6;61;2456.98816
3;6;81;3484.50988
3;6;101;4276.34192
3;6;11;53.70272
3;6;21;178.26536
3;6;76;3250.79532
3;6;86;3691.48356
3;6;51;1855.6706
3;6;56;2231.37056
3;6;71;2926.89864
3;6;16;99.6948
3;6;26;280.563
3;6;31;524.63764
3;6;41;1206.3346
3;26;6;24.03608
3;26;61;2550.22244
3;26;96;4200.939
3;26;101;4361.55748
3;26;1;8.34736
3;26;16;113.72076
3;26;46;1639.2958
3;26;51;1962.24884
3;26;71;3134.12072
3;26;91;4058.05916
3;26;36;923.4314
3;26;41;1252.80072
3;26;56;2271.16604
3;26;66;2861.181
3;26;76;3400.66648
3;26;86;3839.95888
3;26;11;59.25232
3;26;21;189.67856
3;26;26;308.4976
3;26;31;540.36424
3;26;81;3610.20316
3;31;16;115.17788
3;31;26;319.91016
3;31;31;563.8436
3;31;41;1276.59656
3;31;51;1908.75232
3;31;91;4034.21128
3;31;101;4460.05244
3;31;21;197.66284
3;31;36;914.48504
3;31;71;3106.8874
3;31;86;3864.68388
3;31;96;4281.61028
3;31;1;8.89884
3;31;6;25.60364
3;31;46;1630.41556
3;31;66;2869.28152
3;31;76;3420.42956
3;31;81;3595.62596
3;31;11;61.14472
3;31;56;2347.69556
3;31;61;2572.45684
4;6;11;513.85088
4;6;26;3428.35944
4;6;71;15151.61572
4;6;81;21956.33776
4;6;96;35562.703
4;6;101;42340.74588
4;6;1;3.0788
4;6;6;54.50608
4;6;31;3751.44172
4;6;61;10359.67612
4;6;36;4163.09756
4;6;51;6892.56004
4;6;56;8497.04308
4;6;66;12578.41184
4;6;76;18272.63224
4;6;86;26100.77704
4;6;91;30624.73884
4;6;16;1611.61544
4;6;21;2638.3012
4;6;41;4802.16348
4;6;46;5730.48524
4;26;81;23435.00284
4;26;101;43823.60532
4;26;36;4557.61144
4;26;51;7275.50244
4;26;16;1724.52076
4;26;21;2821.95484
4;26;76;19623.82596
4;26;1;9.88064
4;26;11;536.55064
4;26;61;11106.71964
4;26;66;13272.0944
4;26;71;16344.01984
4;26;86;27834.88784
4;26;6;63.28396
4;26;41;5114.66276
4;26;46;5962.87812
4;26;56;9007.39884
4;26;91;32209.02956
4;26;96;37723.35684
4;26;26;3690.30704
4;26;31;4046.37988
4;36;76;19798.49236
4;36;86;28353.34208
4;36;31;4184.19892
4;36;36;4593.21784
4;36;41;5162.17664
4;36;46;6213.02756
4;36;56;9220.43676
4;36;61;11153.45872
4;36;91;32770.25924
4;36;6;64.78936
4;36;16;1721.76868
4;36;21;2864.39724
4;36;101;44463.65012
4;36;81;24291.96968
4;36;96;38257.18136
4;36;1;8.6112
4;36;11;553.45788
4;36;26;3665.46588
4;36;51;7408.91708
4;36;66;13710.82516
4;36;71;16593.55688
4;66;56;9658.22644
4;66;66;14588.9282
4;66;81;25639.10788
4;66;96;41717.85736
4;66;11;572.56136
4;66;41;5661.06968
4;66;46;6512.36144
4;66;51;8076.33216
4;66;91;35484.89704
4;66;16;1776.7942
4;66;21;3010.13596
4;66;26;3779.64984
4;66;31;4464.8394
4;66;71;17509.4296
4;66;76;20837.90328
4;66;86;30249.56796
4;66;101;46538.5482
4;66;1;12.03076
4;66;6;69.69404
4;66;36;5036.12864
4;66;61;11954.2744
4;76;81;25476.95968
4;76;101;46747.01508
4;76;36;5075.81476
4;76;41;5648.07908
4;76;56;9564.0634
4;76;76;21363.861
4;76;66;14567.33336
4;76;86;29246.61016
4;76;96;40350.40892
4;76;1;12.2028
4;76;6;70.8524
4;76;16;1827.44888
4;76;31;4460.64056
4;76;11;570.6054
4;76;71;18014.26608
4;76;61;12085.80948
4;76;91;35670.67408
4;76;21;2951.82492
4;76;26;3921.02176
4;76;46;6844.44476
4;76;51;7985.96484
4;101;16;1798.98732
4;101;31;4669.26516
4;101;36;5334.12708
4;101;46;7066.7644
4;101;66;15210.41948
4;101;86;30845.32184
4;101;96;42960.71224
4;101;21;3065.57576
4;101;41;5958.55352
4;101;56;10132.38856
4;101;71;18581.193
4;101;76;21925.3254
4;101;101;49708.42368
4;101;6;74.55844
4;101;11;583.97636
4;101;51;8261.32016
4;101;61;12514.32988
4;101;81;26236.5912
4;101;91;37043.29688
4;101;1;13.55764
4;101;26;3974.95244
4;31;6;65.3574
4;31;11;531.238
4;31;26;3612.83884
4;31;46;6165.47288
4;31;1;9.69636
4;31;51;7467.49568
4;31;56;8965.97832
4;31;66;13550.23232
4;31;21;2803.13924
4;31;31;4203.8378
4;31;61;11035.76416
4;31;71;16191.64884
4;31;76;20108.02288
4;31;86;28247.32212
4;31;91;32813.4214
4;31;101;44085.99748
4;31;16;1726.57048
4;31;36;4547.3906
4;31;41;5229.88936
4;31;81;23482.72532
4;31;96;38250.33076
4;51;1;10.55856
4;51;31;4214.1774
4;51;46;6463.14912
4;51;56;9538.27192
4;51;66;13842.37832
4;51;71;17275.7276
4;51;101;46087.31184
4;51;11;567.39344
4;51;61;11780.31128
4;51;36;4745.98484
4;51;76;20210.24352
4;51;96;40258.77324
4;51;6;66.78428
4;51;16;1707.77208
4;51;21;2831.15656
4;51;26;3697.69788
4;51;41;5469.58376
4;51;51;7672.98336
4;51;81;24688.5014
4;51;86;29835.99396
4;51;91;34591.02884
4;71;36;5129.10612
4;71;46;6720.89316
4;71;61;11902.54744
4;71;66;14621.84284
4;71;71;17807.07832
4;71;91;34954.16016
4;71;26;3924.71828
4;71;16;1770.48868
4;71;21;3011.41252
4;71;31;4570.33124
4;71;41;5558.50344
4;71;51;8035.57252
4;71;56;9746.19036
4;71;76;21113.57652
4;71;11;575.53504
4;71;86;29409.03024
4;71;1;11.81464
4;71;81;25271.10492
4;71;96;40074.06616
4;71;101;47489.6934
4;71;6;70.59644
4;86;61;12270.1216
4;86;66;15087.21524
4;86;76;21925.2546
4;86;86;30355.03356
4;86;16;1791.1742
4;86;31;4516.22644
4;86;91;36920.78512
4;86;21;3001.10936
4;86;41;5777.7298
4;86;56;10014.83628
4;86;96;41856.08452
4;86;26;3989.03244
4;86;6;73.7438
4;86;11;556.349
4;86;36;5111.83924
4;86;46;6723.5804
4;86;51;8144.90232
4;86;71;18225.77188
4;86;81;26087.39792
4;86;1;12.147
4;86;101;49968.378
4;41;96;38264.24304
4;41;26;3692.50544
4;41;21;2871.28552
4;41;46;6183.42904
4;41;51;7599.30376
4;41;61;11388.72404
4;41;71;16610.3914
4;41;81;24399.64972
4;41;86;28094.0808
4;41;1;10.42676
4;41;31;4194.86212
4;41;41;5331.51056
4;41;91;33822.58272
4;41;16;1721.0556
4;41;11;520.77916
4;41;36;4711.93656
4;41;56;9159.23608
4;41;66;13995.48864
4;41;76;20152.93104
4;41;101;45640.56052
4;41;6;64.7376
4;81;1;12.5552
4;81;66;14648.8692
4;81;91;35201.0672
4;81;11;578.9106
4;81;16;1805.96516
4;81;31;4591.32004
4;81;41;5702.64892
4;81;61;12264.4178
4;81;26;3918.34744
4;81;36;4999.46696
4;81;46;6733.84328
4;81;51;8077.73744
4;81;71;18015.88464
4;81;76;21744.1432
4;81;86;30022.9974
4;81;101;47147.87784
4;81;6;71.38944
4;81;21;3032.65476
4;81;56;9830.85736
4;81;81;25820.1172
4;81;96;40971.26016
4;91;11;584.7514
4;91;16;1828.1442
4;91;21;2969.96536
4;91;26;3978.30636
4;91;31;4583.04352
4;91;41;5931.01924
4;91;81;26676.66832
4;91;96;42967.09612
4;91;1;12.70708
4;91;66;15068.69752
4;91;71;18490.21224
4;91;76;22246.60116
4;91;56;10202.4946
4;91;86;30976.48068
4;91;6;73.76324
4;91;36;5204.30996
4;91;46;7016.53556
4;91;51;8288.7836
4;91;61;12385.4596
4;91;91;36345.64496
4;91;101;49448.43216
4;96;1;12.87688
4;96;41;5812.42628
4;96;81;25953.13044
4;96;11;592.57508
4;96;31;4739.20292
4;96;91;36788.50676
4;96;101;49035.33688
4;96;86;31366.36604
4;96;96;43096.11736
4;96;21;2989.48824
4;96;26;4004.36768
4;96;46;6966.48804
4;96;51;8370.20732
4;96;66;15139.7034
4;96;71;18727.68836
4;96;6;74.0246
4;96;16;1801.7064
4;96;36;5191.43984
4;96;56;10172.01772
4;96;61;11940.46496
4;96;76;22234.00584
4;1;6;48.17204
4;1;56;8369.953
4;1;61;9982.75816
4;1;81;21064.62004
4;1;11;495.15868
4;1;16;1565.29824
4;1;46;5759.55524
4;1;51;6791.19004
4;1;76;17871.0738
4;1;91;28621.06408
4;1;26;3515.27216
4;1;31;3936.80188
4;1;96;34799.51036
4;1;86;24526.11112
4;1;101;39917.46684
4;1;1;6.24156
4;1;21;2650.00808
4;1;36;4374.0576
4;1;41;4872.7718
4;1;66;12237.98644
4;1;71;14965.24112
4;11;76;18827.87872
4;11;81;22379.63364
4;11;11;514.22276
4;11;31;3813.21636
4;11;36;4259.99896
4;11;41;4902.705
4;11;56;8680.85084
4;11;66;13201.47056
4;11;91;30994.47496
4;11;96;36772.1228
4;11;101;42072.54368
4;11;1;7.72948
4;11;21;2746.6758
4;11;26;3515.90456
4;11;46;5791.385
4;11;51;7010.86636
4;11;16;1655.61264
4;11;61;10708.50652
4;11;86;27779.74676
4;11;6;59.28312
4;11;71;15932.31856
4;16;66;13514.59856
4;16;1;7.93636
4;16;36;4397.62412
4;16;56;8747.73396
4;16;61;10611.33648
4;16;86;26440.37704
4;16;96;36251.82284
4;16;6;60.27824
4;16;26;3515.2556
4;16;51;7227.86564
4;16;101;42494.76212
4;16;16;1635.6166
4;16;76;19259.91192
4;16;81;22728.05328
4;16;41;4945.88712
4;16;46;5876.90296
4;16;71;16125.5944
4;16;91;31907.99284
4;16;11;523.90736
4;16;21;2721.6282
4;16;31;3941.13764
4;21;56;8977.34412
4;21;96;37658.26456
4;21;26;3562.2362
4;21;36;4432.4326
4;21;41;4906.7424
4;21;46;5908.84416
4;21;1;7.54532
4;21;66;13334.04876
4;21;71;15994.1318
4;21;81;23164.25764
4;21;101;42986.34664
4;21;6;61.91976
4;21;16;1699.17224
4;21;21;2752.00632
4;21;61;11022.45052
4;21;86;27626.4994
4;21;91;31831.92612
4;21;11;510.88252
4;21;31;3952.93724
4;21;51;7324.23324
4;21;76;19368.22692
4;46;61;11528.33224
4;46;76;20522.29652
4;46;91;33877.46768
4;46;6;64.9212
4;46;21;2887.0584
4;46;26;3603.25448
4;46;16;1707.37252
4;46;96;39494.61104
4;46;66;13948.67036
4;46;71;16976.65676
4;46;86;29378.9684
4;46;31;4268.91552
4;46;36;4710.96976
4;46;56;9349.29712
4;46;46;6322.065
4;46;51;7565.58812
4;46;81;24167.23656
4;46;101;45268.35424
4;46;1;10.84116
4;46;11;566.87936
4;46;41;5377.42672
4;56;91;34369.26296
4;56;1;10.78968
4;56;11;599.5442
4;56;21;2937.81412
4;56;26;3875.80784
4;56;41;5503.70144
4;56;61;11855.4544
4;56;86;29183.13984
4;56;6;69.82984
4;56;16;1741.87152
4;56;36;4903.6986
4;56;51;7876.5746
4;56;66;14158.7546
4;56;71;17440.3602
4;56;31;4410.47868
4;56;56;9613.02404
4;56;81;24522.4454
4;56;96;41077.32868
4;56;46;6431.51916
4;56;76;21066.28184
4;56;101;46848.11468
4;61;31;4444.42692
4;61;36;4973.37964
4;61;46;6625.32992
4;61;51;7878.61436
4;61;91;34732.13852
4;61;21;2976.72892
4;61;66;14501.55396
4;61;76;21178.47336
4;61;86;29056.08704
4;61;96;40135.04784
4;61;56;9547.85172
4;61;11;586.13284
4;61;16;1796.87884
4;61;26;3877.52032
4;61;101;46483.58576
4;61;6;71.4194
4;61;41;5580.205
4;61;61;11896.279
4;61;71;17356.79884
4;61;81;25069.01984
4;61;1;11.5924
